-- =============================================================
-- FILE  : 04_demo_seed.sql
-- DESC  : Rich demo data — 15 customers, ~180 orders, 30 days
-- =============================================================
USE final;
SET FOREIGN_KEY_CHECKS = 0;

-- ── customers ────────────────────────────────────────────────
INSERT IGNORE INTO customer (customer_id, name, phone, email, loyalty_points) VALUES (6, 'Phong Nguyen', '090-222-0006', 'phong@gmail.com', 0);
INSERT IGNORE INTO customer (customer_id, name, phone, email, loyalty_points) VALUES (7, 'Quyen Tran', '090-222-0007', 'quyen@gmail.com', 0);
INSERT IGNORE INTO customer (customer_id, name, phone, email, loyalty_points) VALUES (8, 'Rong Le', '090-222-0008', 'rong@gmail.com', 0);
INSERT IGNORE INTO customer (customer_id, name, phone, email, loyalty_points) VALUES (9, 'Son Pham', '090-222-0009', 'son@gmail.com', 0);
INSERT IGNORE INTO customer (customer_id, name, phone, email, loyalty_points) VALUES (10, 'Thuy Hoang', '090-222-0010', 'thuy@gmail.com', 0);
INSERT IGNORE INTO customer (customer_id, name, phone, email, loyalty_points) VALUES (11, 'Uyen Vo', '090-222-0011', 'uyen@gmail.com', 0);
INSERT IGNORE INTO customer (customer_id, name, phone, email, loyalty_points) VALUES (12, 'Van Do', '090-222-0012', 'van@gmail.com', 0);
INSERT IGNORE INTO customer (customer_id, name, phone, email, loyalty_points) VALUES (13, 'Xuan Bui', '090-222-0013', 'xuan@gmail.com', 0);
INSERT IGNORE INTO customer (customer_id, name, phone, email, loyalty_points) VALUES (14, 'Yen Dang', '090-222-0014', 'yen@gmail.com', 0);
INSERT IGNORE INTO customer (customer_id, name, phone, email, loyalty_points) VALUES (15, 'Zung Ngo', '090-222-0015', 'zung@gmail.com', 0);

-- ── ingredient stock ─────────────────────────────────────────
INSERT IGNORE INTO ingredient (location_id, name, stock_level, unit, low_stock_threshold) VALUES
(1, 'Espresso beans', 15.0, 'kg', 3.0),
(1, 'Sugar syrup', 8.0, 'liter', 2.0),
(1, 'Caramel syrup', 4.0, 'liter', 1.0),
(1, 'Matcha powder', 2.5, 'kg', 0.5),
(1, 'Chai tea bags', 200, 'pcs', 50),
(1, 'Butter croissants', 40, 'pcs', 10),
(1, 'Blueberry muffins', 30, 'pcs', 8),
(1, 'Avocado', 20, 'pcs', 5),
(1, 'Bread loaf', 10, 'pcs', 3),
(1, 'Whipped cream', 3.0, 'liter', 0.5),
(2, 'Arabica beans', 10.0, 'kg', 2.0),
(2, 'Whole milk', 15.0, 'liter', 5.0),
(2, 'Oat milk', 4.0, 'liter', 1.5),
(2, 'Almond milk', 3.5, 'liter', 1.0),
(2, 'Sugar syrup', 6.0, 'liter', 2.0),
(2, 'Matcha powder', 1.5, 'kg', 0.5),
(2, 'Chai tea bags', 150, 'pcs', 40),
(2, 'Croissants', 35, 'pcs', 10),
(2, 'Blueberry muffins', 25, 'pcs', 8),
(2, 'Whipped cream', 2.5, 'liter', 0.5);

-- ── orders (start_id=36) ─────────────────────────────────────
INSERT INTO orders (order_id, location_id, staff_id, customer_id, order_type, order_status, total_amount, order_date) VALUES (36, 1, 5, 8, 'takeaway', 'Cancelled', 61200, '2026-05-07 13:37:27');
INSERT INTO order_item (order_item_id, order_id, item_id, quantity, unit_price, subtotal) VALUES (51, 36, 8, 1, 68000, 68000);
INSERT INTO order_item_modifier (order_item_id, option_id, price_delta_at_sale) VALUES (51, 6, 8000);
INSERT INTO payment (payment_id, order_id, payment_method, amount_paid) VALUES (32, 36, 'Cash', 61200);
INSERT INTO order_promotion (order_id, promotion_id, amount_discounted) VALUES (36, 1, 6800);
INSERT INTO orders (order_id, location_id, staff_id, customer_id, order_type, order_status, total_amount, order_date) VALUES (37, 1, 2, 14, 'takeaway', 'Completed', 38700, '2026-05-07 17:10:44');
INSERT INTO order_item (order_item_id, order_id, item_id, quantity, unit_price, subtotal) VALUES (52, 37, 10, 1, 43000, 43000);
INSERT INTO order_item_modifier (order_item_id, option_id, price_delta_at_sale) VALUES (52, 6, 8000);
INSERT INTO payment (payment_id, order_id, payment_method, amount_paid) VALUES (33, 37, 'Cash', 38700);
INSERT INTO order_promotion (order_id, promotion_id, amount_discounted) VALUES (37, 1, 4300);
INSERT INTO loyalty_transaction (loyalty_txn_id, customer_id, order_id, points_change, txn_type) VALUES (15, 14, 37, 38, 'earn');
UPDATE customer SET loyalty_points = loyalty_points + 38 WHERE customer_id = 14;
INSERT INTO orders (order_id, location_id, staff_id, customer_id, order_type, order_status, total_amount, order_date) VALUES (38, 1, 1, 13, 'takeaway', 'Completed', 30500, '2026-05-07 07:29:34');
INSERT INTO order_item (order_item_id, order_id, item_id, quantity, unit_price, subtotal) VALUES (53, 38, 3, 1, 55000, 55000);
INSERT INTO payment (payment_id, order_id, payment_method, amount_paid) VALUES (34, 38, 'Cash', 30500);
INSERT INTO order_promotion (order_id, promotion_id, amount_discounted) VALUES (38, 1, 5500);
INSERT INTO loyalty_transaction (loyalty_txn_id, customer_id, order_id, points_change, txn_type) VALUES (16, 13, 38, 19, 'redeem');
INSERT INTO loyalty_transaction (loyalty_txn_id, customer_id, order_id, points_change, txn_type) VALUES (17, 13, 38, 30, 'earn');
UPDATE customer SET loyalty_points = loyalty_points + 11 WHERE customer_id = 13;
INSERT INTO orders (order_id, location_id, staff_id, customer_id, order_type, order_status, total_amount, order_date) VALUES (39, 1, 5, 7, 'takeaway', 'Completed', 33700, '2026-05-07 08:14:55');
INSERT INTO order_item (order_item_id, order_id, item_id, quantity, unit_price, subtotal) VALUES (54, 39, 3, 1, 63000, 63000);
INSERT INTO order_item_modifier (order_item_id, option_id, price_delta_at_sale) VALUES (54, 7, 8000);
INSERT INTO payment (payment_id, order_id, payment_method, amount_paid) VALUES (35, 39, 'Cash', 33700);
INSERT INTO order_promotion (order_id, promotion_id, amount_discounted) VALUES (39, 1, 6300);
INSERT INTO loyalty_transaction (loyalty_txn_id, customer_id, order_id, points_change, txn_type) VALUES (18, 7, 39, 23, 'redeem');
INSERT INTO loyalty_transaction (loyalty_txn_id, customer_id, order_id, points_change, txn_type) VALUES (19, 7, 39, 33, 'earn');
UPDATE customer SET loyalty_points = loyalty_points + 10 WHERE customer_id = 7;
INSERT INTO orders (order_id, location_id, staff_id, customer_id, order_type, order_status, total_amount, order_date) VALUES (40, 1, 5, 3, 'takeaway', 'Completed', 56700, '2026-05-07 10:59:40');
INSERT INTO order_item (order_item_id, order_id, item_id, quantity, unit_price, subtotal) VALUES (55, 40, 5, 1, 63000, 63000);
INSERT INTO order_item_modifier (order_item_id, option_id, price_delta_at_sale) VALUES (55, 7, 8000);
INSERT INTO payment (payment_id, order_id, payment_method, amount_paid) VALUES (36, 40, 'Card', 56700);
INSERT INTO order_promotion (order_id, promotion_id, amount_discounted) VALUES (40, 1, 6300);
INSERT INTO loyalty_transaction (loyalty_txn_id, customer_id, order_id, points_change, txn_type) VALUES (20, 3, 40, 56, 'earn');
UPDATE customer SET loyalty_points = loyalty_points + 56 WHERE customer_id = 3;
INSERT INTO audit_log (log_id, staff_id, action_type, table_affected, record_id, details) VALUES (9, 5, 'CREATE_ORDER', 'orders', 40, 'Order #40 | Total: 56700đ | Card');
INSERT INTO orders (order_id, location_id, staff_id, customer_id, order_type, order_status, total_amount, order_date) VALUES (41, 2, 3, 2, 'pickup', 'Completed', 36000, '2026-05-07 13:45:20');
INSERT INTO order_item (order_item_id, order_id, item_id, quantity, unit_price, subtotal) VALUES (56, 41, 11, 1, 40000, 40000);
INSERT INTO payment (payment_id, order_id, payment_method, amount_paid) VALUES (37, 41, 'Cash', 36000);
INSERT INTO order_promotion (order_id, promotion_id, amount_discounted) VALUES (41, 1, 4000);
INSERT INTO loyalty_transaction (loyalty_txn_id, customer_id, order_id, points_change, txn_type) VALUES (21, 2, 41, 36, 'earn');
UPDATE customer SET loyalty_points = loyalty_points + 36 WHERE customer_id = 2;
INSERT INTO orders (order_id, location_id, staff_id, customer_id, order_type, order_status, total_amount, order_date) VALUES (42, 2, 3, 9, 'takeaway', 'Completed', 108000, '2026-05-07 20:25:23');
INSERT INTO order_item (order_item_id, order_id, item_id, quantity, unit_price, subtotal) VALUES (57, 42, 3, 1, 55000, 55000);
INSERT INTO order_item (order_item_id, order_id, item_id, quantity, unit_price, subtotal) VALUES (58, 42, 6, 1, 65000, 65000);
INSERT INTO order_item_modifier (order_item_id, option_id, price_delta_at_sale) VALUES (58, 2, 10000);
INSERT INTO payment (payment_id, order_id, payment_method, amount_paid) VALUES (38, 42, 'Cash', 108000);
INSERT INTO order_promotion (order_id, promotion_id, amount_discounted) VALUES (42, 1, 12000);
INSERT INTO loyalty_transaction (loyalty_txn_id, customer_id, order_id, points_change, txn_type) VALUES (22, 9, 42, 108, 'earn');
UPDATE customer SET loyalty_points = loyalty_points + 108 WHERE customer_id = 9;
INSERT INTO orders (order_id, location_id, staff_id, customer_id, order_type, order_status, total_amount, order_date) VALUES (43, 1, 1, 13, 'pickup', 'Completed', 49500, '2026-05-08 13:00:43');
INSERT INTO order_item (order_item_id, order_id, item_id, quantity, unit_price, subtotal) VALUES (59, 43, 3, 1, 55000, 55000);
INSERT INTO payment (payment_id, order_id, payment_method, amount_paid) VALUES (39, 43, 'Card', 49500);
INSERT INTO order_promotion (order_id, promotion_id, amount_discounted) VALUES (43, 1, 5500);
INSERT INTO loyalty_transaction (loyalty_txn_id, customer_id, order_id, points_change, txn_type) VALUES (23, 13, 43, 49, 'earn');
UPDATE customer SET loyalty_points = loyalty_points + 49 WHERE customer_id = 13;
INSERT INTO orders (order_id, location_id, staff_id, customer_id, order_type, order_status, total_amount, order_date) VALUES (44, 1, 5, 4, 'pickup', 'Completed', 17500, '2026-05-08 19:16:32');
INSERT INTO order_item (order_item_id, order_id, item_id, quantity, unit_price, subtotal) VALUES (60, 44, 12, 1, 65000, 65000);
INSERT INTO payment (payment_id, order_id, payment_method, amount_paid) VALUES (40, 44, 'Cash', 17500);
INSERT INTO order_promotion (order_id, promotion_id, amount_discounted) VALUES (44, 1, 6500);
INSERT INTO loyalty_transaction (loyalty_txn_id, customer_id, order_id, points_change, txn_type) VALUES (24, 4, 44, 41, 'redeem');
INSERT INTO loyalty_transaction (loyalty_txn_id, customer_id, order_id, points_change, txn_type) VALUES (25, 4, 44, 17, 'earn');
UPDATE customer SET loyalty_points = loyalty_points + -24 WHERE customer_id = 4;
INSERT INTO orders (order_id, location_id, staff_id, customer_id, order_type, order_status, total_amount, order_date) VALUES (45, 1, 2, 5, 'pickup', 'Completed', 56700, '2026-05-08 12:00:38');
INSERT INTO order_item (order_item_id, order_id, item_id, quantity, unit_price, subtotal) VALUES (61, 45, 9, 1, 63000, 63000);
INSERT INTO order_item_modifier (order_item_id, option_id, price_delta_at_sale) VALUES (61, 7, 8000);
INSERT INTO payment (payment_id, order_id, payment_method, amount_paid) VALUES (41, 45, 'Card', 56700);
INSERT INTO order_promotion (order_id, promotion_id, amount_discounted) VALUES (45, 1, 6300);
INSERT INTO loyalty_transaction (loyalty_txn_id, customer_id, order_id, points_change, txn_type) VALUES (26, 5, 45, 56, 'earn');
UPDATE customer SET loyalty_points = loyalty_points + 56 WHERE customer_id = 5;
INSERT INTO audit_log (log_id, staff_id, action_type, table_affected, record_id, details) VALUES (10, 2, 'CREATE_ORDER', 'orders', 45, 'Order #45 | Total: 56700đ | Card');
INSERT INTO orders (order_id, location_id, staff_id, customer_id, order_type, order_status, total_amount, order_date) VALUES (46, 1, 5, 8, 'takeaway', 'Completed', 186300, '2026-05-08 18:48:34');
INSERT INTO order_item (order_item_id, order_id, item_id, quantity, unit_price, subtotal) VALUES (62, 46, 2, 1, 67000, 67000);
INSERT INTO order_item_modifier (order_item_id, option_id, price_delta_at_sale) VALUES (62, 12, 12000);
INSERT INTO order_item (order_item_id, order_id, item_id, quantity, unit_price, subtotal) VALUES (63, 46, 8, 2, 70000, 140000);
INSERT INTO order_item_modifier (order_item_id, option_id, price_delta_at_sale) VALUES (63, 14, 10000);
INSERT INTO payment (payment_id, order_id, payment_method, amount_paid) VALUES (42, 46, 'Cash', 186300);
INSERT INTO order_promotion (order_id, promotion_id, amount_discounted) VALUES (46, 1, 20700);
INSERT INTO loyalty_transaction (loyalty_txn_id, customer_id, order_id, points_change, txn_type) VALUES (27, 8, 46, 186, 'earn');
UPDATE customer SET loyalty_points = loyalty_points + 186 WHERE customer_id = 8;
INSERT INTO orders (order_id, location_id, staff_id, customer_id, order_type, order_status, total_amount, order_date) VALUES (47, 1, 2, 7, 'pickup', 'Completed', 112500, '2026-05-08 12:15:14');
INSERT INTO order_item (order_item_id, order_id, item_id, quantity, unit_price, subtotal) VALUES (64, 47, 4, 1, 75000, 75000);
INSERT INTO order_item_modifier (order_item_id, option_id, price_delta_at_sale) VALUES (64, 14, 10000);
INSERT INTO order_item (order_item_id, order_id, item_id, quantity, unit_price, subtotal) VALUES (65, 47, 11, 1, 50000, 50000);
INSERT INTO order_item_modifier (order_item_id, option_id, price_delta_at_sale) VALUES (65, 2, 10000);
INSERT INTO payment (payment_id, order_id, payment_method, amount_paid) VALUES (43, 47, 'Cash', 112500);
INSERT INTO order_promotion (order_id, promotion_id, amount_discounted) VALUES (47, 1, 12500);
INSERT INTO loyalty_transaction (loyalty_txn_id, customer_id, order_id, points_change, txn_type) VALUES (28, 7, 47, 112, 'earn');
UPDATE customer SET loyalty_points = loyalty_points + 112 WHERE customer_id = 7;
INSERT INTO orders (order_id, location_id, staff_id, customer_id, order_type, order_status, total_amount, order_date) VALUES (48, 1, 1, 2, 'pickup', 'Completed', 108000, '2026-05-08 09:08:46');
INSERT INTO order_item (order_item_id, order_id, item_id, quantity, unit_price, subtotal) VALUES (66, 48, 8, 2, 60000, 120000);
INSERT INTO payment (payment_id, order_id, payment_method, amount_paid) VALUES (44, 48, 'Cash', 108000);
INSERT INTO order_promotion (order_id, promotion_id, amount_discounted) VALUES (48, 1, 12000);
INSERT INTO loyalty_transaction (loyalty_txn_id, customer_id, order_id, points_change, txn_type) VALUES (29, 2, 48, 108, 'earn');
UPDATE customer SET loyalty_points = loyalty_points + 108 WHERE customer_id = 2;
INSERT INTO orders (order_id, location_id, staff_id, customer_id, order_type, order_status, total_amount, order_date) VALUES (49, 2, 7, 7, 'takeaway', 'Completed', 23500, '2026-05-08 12:46:03');
INSERT INTO order_item (order_item_id, order_id, item_id, quantity, unit_price, subtotal) VALUES (67, 49, 5, 1, 55000, 55000);
INSERT INTO payment (payment_id, order_id, payment_method, amount_paid) VALUES (45, 49, 'Cash', 23500);
INSERT INTO order_promotion (order_id, promotion_id, amount_discounted) VALUES (49, 1, 5500);
INSERT INTO loyalty_transaction (loyalty_txn_id, customer_id, order_id, points_change, txn_type) VALUES (30, 7, 49, 26, 'redeem');
INSERT INTO loyalty_transaction (loyalty_txn_id, customer_id, order_id, points_change, txn_type) VALUES (31, 7, 49, 23, 'earn');
UPDATE customer SET loyalty_points = loyalty_points + -3 WHERE customer_id = 7;
INSERT INTO orders (order_id, location_id, staff_id, customer_id, order_type, order_status, total_amount, order_date) VALUES (50, 2, 3, 8, 'takeaway', 'Completed', 99000, '2026-05-08 10:15:55');
INSERT INTO order_item (order_item_id, order_id, item_id, quantity, unit_price, subtotal) VALUES (68, 50, 5, 2, 55000, 110000);
INSERT INTO payment (payment_id, order_id, payment_method, amount_paid) VALUES (46, 50, 'Cash', 99000);
INSERT INTO order_promotion (order_id, promotion_id, amount_discounted) VALUES (50, 1, 11000);
INSERT INTO loyalty_transaction (loyalty_txn_id, customer_id, order_id, points_change, txn_type) VALUES (32, 8, 50, 99, 'earn');
UPDATE customer SET loyalty_points = loyalty_points + 99 WHERE customer_id = 8;
INSERT INTO audit_log (log_id, staff_id, action_type, table_affected, record_id, details) VALUES (11, 3, 'CREATE_ORDER', 'orders', 50, 'Order #50 | Total: 99000đ | Cash');
INSERT INTO orders (order_id, location_id, staff_id, customer_id, order_type, order_status, total_amount, order_date) VALUES (51, 2, 3, 1, 'takeaway', 'Completed', 109800, '2026-05-08 09:25:57');
INSERT INTO order_item (order_item_id, order_id, item_id, quantity, unit_price, subtotal) VALUES (69, 51, 2, 1, 67000, 67000);
INSERT INTO order_item_modifier (order_item_id, option_id, price_delta_at_sale) VALUES (69, 12, 12000);
INSERT INTO order_item (order_item_id, order_id, item_id, quantity, unit_price, subtotal) VALUES (70, 51, 5, 1, 55000, 55000);
INSERT INTO payment (payment_id, order_id, payment_method, amount_paid) VALUES (47, 51, 'Mobile', 109800);
INSERT INTO order_promotion (order_id, promotion_id, amount_discounted) VALUES (51, 1, 12200);
INSERT INTO loyalty_transaction (loyalty_txn_id, customer_id, order_id, points_change, txn_type) VALUES (33, 1, 51, 109, 'earn');
UPDATE customer SET loyalty_points = loyalty_points + 109 WHERE customer_id = 1;
INSERT INTO orders (order_id, location_id, staff_id, customer_id, order_type, order_status, total_amount, order_date) VALUES (52, 2, 7, 5, 'takeaway', 'Completed', 146000, '2026-05-08 08:37:30');
INSERT INTO order_item (order_item_id, order_id, item_id, quantity, unit_price, subtotal) VALUES (71, 52, 6, 1, 55000, 55000);
INSERT INTO order_item (order_item_id, order_id, item_id, quantity, unit_price, subtotal) VALUES (72, 52, 6, 1, 55000, 55000);
INSERT INTO order_item (order_item_id, order_id, item_id, quantity, unit_price, subtotal) VALUES (73, 52, 8, 1, 70000, 70000);
INSERT INTO order_item_modifier (order_item_id, option_id, price_delta_at_sale) VALUES (73, 14, 10000);
INSERT INTO payment (payment_id, order_id, payment_method, amount_paid) VALUES (48, 52, 'Cash', 146000);
INSERT INTO order_promotion (order_id, promotion_id, amount_discounted) VALUES (52, 1, 18000);
INSERT INTO loyalty_transaction (loyalty_txn_id, customer_id, order_id, points_change, txn_type) VALUES (34, 5, 52, 16, 'redeem');
INSERT INTO loyalty_transaction (loyalty_txn_id, customer_id, order_id, points_change, txn_type) VALUES (35, 5, 52, 146, 'earn');
UPDATE customer SET loyalty_points = loyalty_points + 130 WHERE customer_id = 5;
INSERT INTO orders (order_id, location_id, staff_id, customer_id, order_type, order_status, total_amount, order_date) VALUES (53, 2, 3, 2, 'takeaway', 'Cancelled', 115200, '2026-05-08 09:45:20');
INSERT INTO order_item (order_item_id, order_id, item_id, quantity, unit_price, subtotal) VALUES (74, 53, 6, 1, 63000, 63000);
INSERT INTO order_item_modifier (order_item_id, option_id, price_delta_at_sale) VALUES (74, 7, 8000);
INSERT INTO order_item (order_item_id, order_id, item_id, quantity, unit_price, subtotal) VALUES (75, 53, 12, 1, 65000, 65000);
INSERT INTO payment (payment_id, order_id, payment_method, amount_paid) VALUES (49, 53, 'Cash', 115200);
INSERT INTO order_promotion (order_id, promotion_id, amount_discounted) VALUES (53, 1, 12800);
INSERT INTO orders (order_id, location_id, staff_id, customer_id, order_type, order_status, total_amount, order_date) VALUES (54, 1, 1, 7, 'pickup', 'Completed', 49500, '2026-05-09 09:18:10');
INSERT INTO order_item (order_item_id, order_id, item_id, quantity, unit_price, subtotal) VALUES (76, 54, 2, 1, 55000, 55000);
INSERT INTO payment (payment_id, order_id, payment_method, amount_paid) VALUES (50, 54, 'Cash', 49500);
INSERT INTO order_promotion (order_id, promotion_id, amount_discounted) VALUES (54, 1, 5500);
INSERT INTO loyalty_transaction (loyalty_txn_id, customer_id, order_id, points_change, txn_type) VALUES (36, 7, 54, 49, 'earn');
UPDATE customer SET loyalty_points = loyalty_points + 49 WHERE customer_id = 7;
INSERT INTO orders (order_id, location_id, staff_id, customer_id, order_type, order_status, total_amount, order_date) VALUES (55, 1, 1, 10, 'takeaway', 'Completed', 49500, '2026-05-09 08:35:09');
INSERT INTO order_item (order_item_id, order_id, item_id, quantity, unit_price, subtotal) VALUES (77, 55, 2, 1, 55000, 55000);
INSERT INTO payment (payment_id, order_id, payment_method, amount_paid) VALUES (51, 55, 'Mobile', 49500);
INSERT INTO order_promotion (order_id, promotion_id, amount_discounted) VALUES (55, 1, 5500);
INSERT INTO loyalty_transaction (loyalty_txn_id, customer_id, order_id, points_change, txn_type) VALUES (37, 10, 55, 49, 'earn');
UPDATE customer SET loyalty_points = loyalty_points + 49 WHERE customer_id = 10;
INSERT INTO audit_log (log_id, staff_id, action_type, table_affected, record_id, details) VALUES (12, 1, 'CREATE_ORDER', 'orders', 55, 'Order #55 | Total: 49500đ | Mobile');
INSERT INTO orders (order_id, location_id, staff_id, customer_id, order_type, order_status, total_amount, order_date) VALUES (56, 1, 5, NULL, 'pickup', 'Completed', 148500, '2026-05-09 07:21:49');
INSERT INTO order_item (order_item_id, order_id, item_id, quantity, unit_price, subtotal) VALUES (78, 56, 1, 1, 45000, 45000);
INSERT INTO order_item (order_item_id, order_id, item_id, quantity, unit_price, subtotal) VALUES (79, 56, 7, 1, 65000, 65000);
INSERT INTO order_item (order_item_id, order_id, item_id, quantity, unit_price, subtotal) VALUES (80, 56, 9, 1, 55000, 55000);
INSERT INTO payment (payment_id, order_id, payment_method, amount_paid) VALUES (52, 56, 'Cash', 148500);
INSERT INTO order_promotion (order_id, promotion_id, amount_discounted) VALUES (56, 1, 16500);
INSERT INTO orders (order_id, location_id, staff_id, customer_id, order_type, order_status, total_amount, order_date) VALUES (57, 1, 2, 2, 'pickup', 'Completed', 49500, '2026-05-09 10:57:59');
INSERT INTO order_item (order_item_id, order_id, item_id, quantity, unit_price, subtotal) VALUES (81, 57, 2, 1, 55000, 55000);
INSERT INTO payment (payment_id, order_id, payment_method, amount_paid) VALUES (53, 57, 'Card', 49500);
INSERT INTO order_promotion (order_id, promotion_id, amount_discounted) VALUES (57, 1, 5500);
INSERT INTO loyalty_transaction (loyalty_txn_id, customer_id, order_id, points_change, txn_type) VALUES (38, 2, 57, 49, 'earn');
UPDATE customer SET loyalty_points = loyalty_points + 49 WHERE customer_id = 2;
INSERT INTO orders (order_id, location_id, staff_id, customer_id, order_type, order_status, total_amount, order_date) VALUES (58, 1, 2, 4, 'pickup', 'Completed', 186000, '2026-05-09 09:59:15');
INSERT INTO order_item (order_item_id, order_id, item_id, quantity, unit_price, subtotal) VALUES (82, 58, 4, 2, 65000, 130000);
INSERT INTO order_item (order_item_id, order_id, item_id, quantity, unit_price, subtotal) VALUES (83, 58, 7, 2, 65000, 130000);
INSERT INTO payment (payment_id, order_id, payment_method, amount_paid) VALUES (54, 58, 'Card', 186000);
INSERT INTO order_promotion (order_id, promotion_id, amount_discounted) VALUES (58, 1, 26000);
INSERT INTO loyalty_transaction (loyalty_txn_id, customer_id, order_id, points_change, txn_type) VALUES (39, 4, 58, 48, 'redeem');
INSERT INTO loyalty_transaction (loyalty_txn_id, customer_id, order_id, points_change, txn_type) VALUES (40, 4, 58, 186, 'earn');
UPDATE customer SET loyalty_points = loyalty_points + 138 WHERE customer_id = 4;
INSERT INTO orders (order_id, location_id, staff_id, customer_id, order_type, order_status, total_amount, order_date) VALUES (59, 1, 6, 8, 'pickup', 'Completed', 171900, '2026-05-09 12:12:52');
INSERT INTO order_item (order_item_id, order_id, item_id, quantity, unit_price, subtotal) VALUES (84, 59, 4, 2, 73000, 146000);
INSERT INTO order_item_modifier (order_item_id, option_id, price_delta_at_sale) VALUES (84, 6, 8000);
INSERT INTO order_item (order_item_id, order_id, item_id, quantity, unit_price, subtotal) VALUES (85, 59, 1, 1, 45000, 45000);
INSERT INTO payment (payment_id, order_id, payment_method, amount_paid) VALUES (55, 59, 'Cash', 171900);
INSERT INTO order_promotion (order_id, promotion_id, amount_discounted) VALUES (59, 1, 19100);
INSERT INTO loyalty_transaction (loyalty_txn_id, customer_id, order_id, points_change, txn_type) VALUES (41, 8, 59, 171, 'earn');
UPDATE customer SET loyalty_points = loyalty_points + 171 WHERE customer_id = 8;
INSERT INTO orders (order_id, location_id, staff_id, customer_id, order_type, order_status, total_amount, order_date) VALUES (60, 1, 1, 9, 'pickup', 'Completed', 90000, '2026-05-09 13:01:07');
INSERT INTO order_item (order_item_id, order_id, item_id, quantity, unit_price, subtotal) VALUES (86, 60, 13, 2, 50000, 100000);
INSERT INTO order_item_modifier (order_item_id, option_id, price_delta_at_sale) VALUES (86, 14, 10000);
INSERT INTO payment (payment_id, order_id, payment_method, amount_paid) VALUES (56, 60, 'Card', 90000);
INSERT INTO order_promotion (order_id, promotion_id, amount_discounted) VALUES (60, 1, 10000);
INSERT INTO loyalty_transaction (loyalty_txn_id, customer_id, order_id, points_change, txn_type) VALUES (42, 9, 60, 90, 'earn');
UPDATE customer SET loyalty_points = loyalty_points + 90 WHERE customer_id = 9;
INSERT INTO audit_log (log_id, staff_id, action_type, table_affected, record_id, details) VALUES (13, 1, 'CREATE_ORDER', 'orders', 60, 'Order #60 | Total: 90000đ | Card');
INSERT INTO orders (order_id, location_id, staff_id, customer_id, order_type, order_status, total_amount, order_date) VALUES (61, 1, 1, 14, 'pickup', 'Completed', 34300, '2026-05-09 12:24:57');
INSERT INTO order_item (order_item_id, order_id, item_id, quantity, unit_price, subtotal) VALUES (87, 61, 7, 1, 77000, 77000);
INSERT INTO order_item_modifier (order_item_id, option_id, price_delta_at_sale) VALUES (87, 12, 12000);
INSERT INTO payment (payment_id, order_id, payment_method, amount_paid) VALUES (57, 61, 'Card', 34300);
INSERT INTO order_promotion (order_id, promotion_id, amount_discounted) VALUES (61, 1, 7700);
INSERT INTO loyalty_transaction (loyalty_txn_id, customer_id, order_id, points_change, txn_type) VALUES (43, 14, 61, 35, 'redeem');
INSERT INTO loyalty_transaction (loyalty_txn_id, customer_id, order_id, points_change, txn_type) VALUES (44, 14, 61, 34, 'earn');
UPDATE customer SET loyalty_points = loyalty_points + -1 WHERE customer_id = 14;
INSERT INTO orders (order_id, location_id, staff_id, customer_id, order_type, order_status, total_amount, order_date) VALUES (62, 1, 2, 12, 'pickup', 'Completed', 118800, '2026-05-09 19:46:57');
INSERT INTO order_item (order_item_id, order_id, item_id, quantity, unit_price, subtotal) VALUES (88, 62, 4, 1, 77000, 77000);
INSERT INTO order_item_modifier (order_item_id, option_id, price_delta_at_sale) VALUES (88, 12, 12000);
INSERT INTO order_item (order_item_id, order_id, item_id, quantity, unit_price, subtotal) VALUES (89, 62, 3, 1, 55000, 55000);
INSERT INTO payment (payment_id, order_id, payment_method, amount_paid) VALUES (58, 62, 'Cash', 118800);
INSERT INTO order_promotion (order_id, promotion_id, amount_discounted) VALUES (62, 1, 13200);
INSERT INTO loyalty_transaction (loyalty_txn_id, customer_id, order_id, points_change, txn_type) VALUES (45, 12, 62, 118, 'earn');
UPDATE customer SET loyalty_points = loyalty_points + 118 WHERE customer_id = 12;
INSERT INTO orders (order_id, location_id, staff_id, customer_id, order_type, order_status, total_amount, order_date) VALUES (63, 1, 6, 6, 'pickup', 'Completed', 99000, '2026-05-09 18:38:41');
INSERT INTO order_item (order_item_id, order_id, item_id, quantity, unit_price, subtotal) VALUES (90, 63, 3, 1, 55000, 55000);
INSERT INTO order_item (order_item_id, order_id, item_id, quantity, unit_price, subtotal) VALUES (91, 63, 3, 1, 55000, 55000);
INSERT INTO payment (payment_id, order_id, payment_method, amount_paid) VALUES (59, 63, 'Cash', 99000);
INSERT INTO order_promotion (order_id, promotion_id, amount_discounted) VALUES (63, 1, 11000);
INSERT INTO loyalty_transaction (loyalty_txn_id, customer_id, order_id, points_change, txn_type) VALUES (46, 6, 63, 99, 'earn');
UPDATE customer SET loyalty_points = loyalty_points + 99 WHERE customer_id = 6;
INSERT INTO orders (order_id, location_id, staff_id, customer_id, order_type, order_status, total_amount, order_date) VALUES (64, 1, 2, 3, 'pickup', 'Completed', 117000, '2026-05-09 17:43:19');
INSERT INTO order_item (order_item_id, order_id, item_id, quantity, unit_price, subtotal) VALUES (92, 64, 4, 1, 75000, 75000);
INSERT INTO order_item_modifier (order_item_id, option_id, price_delta_at_sale) VALUES (92, 2, 10000);
INSERT INTO order_item (order_item_id, order_id, item_id, quantity, unit_price, subtotal) VALUES (93, 64, 9, 1, 55000, 55000);
INSERT INTO payment (payment_id, order_id, payment_method, amount_paid) VALUES (60, 64, 'Card', 117000);
INSERT INTO order_promotion (order_id, promotion_id, amount_discounted) VALUES (64, 1, 13000);
INSERT INTO loyalty_transaction (loyalty_txn_id, customer_id, order_id, points_change, txn_type) VALUES (47, 3, 64, 117, 'earn');
UPDATE customer SET loyalty_points = loyalty_points + 117 WHERE customer_id = 3;
INSERT INTO orders (order_id, location_id, staff_id, customer_id, order_type, order_status, total_amount, order_date) VALUES (65, 2, 7, 14, 'takeaway', 'Completed', 117000, '2026-05-09 09:44:00');
INSERT INTO order_item (order_item_id, order_id, item_id, quantity, unit_price, subtotal) VALUES (94, 65, 4, 2, 65000, 130000);
INSERT INTO payment (payment_id, order_id, payment_method, amount_paid) VALUES (61, 65, 'Card', 117000);
INSERT INTO order_promotion (order_id, promotion_id, amount_discounted) VALUES (65, 1, 13000);
INSERT INTO loyalty_transaction (loyalty_txn_id, customer_id, order_id, points_change, txn_type) VALUES (48, 14, 65, 117, 'earn');
UPDATE customer SET loyalty_points = loyalty_points + 117 WHERE customer_id = 14;
INSERT INTO audit_log (log_id, staff_id, action_type, table_affected, record_id, details) VALUES (14, 7, 'CREATE_ORDER', 'orders', 65, 'Order #65 | Total: 117000đ | Card');
INSERT INTO orders (order_id, location_id, staff_id, customer_id, order_type, order_status, total_amount, order_date) VALUES (66, 2, 3, 6, 'pickup', 'Completed', 31500, '2026-05-09 12:51:29');
INSERT INTO order_item (order_item_id, order_id, item_id, quantity, unit_price, subtotal) VALUES (95, 66, 10, 1, 35000, 35000);
INSERT INTO payment (payment_id, order_id, payment_method, amount_paid) VALUES (62, 66, 'Cash', 31500);
INSERT INTO order_promotion (order_id, promotion_id, amount_discounted) VALUES (66, 1, 3500);
INSERT INTO loyalty_transaction (loyalty_txn_id, customer_id, order_id, points_change, txn_type) VALUES (49, 6, 66, 31, 'earn');
UPDATE customer SET loyalty_points = loyalty_points + 31 WHERE customer_id = 6;
INSERT INTO orders (order_id, location_id, staff_id, customer_id, order_type, order_status, total_amount, order_date) VALUES (67, 2, 7, NULL, 'pickup', 'Completed', 43200, '2026-05-09 16:30:28');
INSERT INTO order_item (order_item_id, order_id, item_id, quantity, unit_price, subtotal) VALUES (96, 67, 11, 1, 48000, 48000);
INSERT INTO order_item_modifier (order_item_id, option_id, price_delta_at_sale) VALUES (96, 7, 8000);
INSERT INTO payment (payment_id, order_id, payment_method, amount_paid) VALUES (63, 67, 'Mobile', 43200);
INSERT INTO order_promotion (order_id, promotion_id, amount_discounted) VALUES (67, 1, 4800);
INSERT INTO orders (order_id, location_id, staff_id, customer_id, order_type, order_status, total_amount, order_date) VALUES (68, 2, 7, 8, 'pickup', 'Completed', 126000, '2026-05-09 20:05:08');
INSERT INTO order_item (order_item_id, order_id, item_id, quantity, unit_price, subtotal) VALUES (97, 68, 3, 1, 63000, 63000);
INSERT INTO order_item_modifier (order_item_id, option_id, price_delta_at_sale) VALUES (97, 6, 8000);
INSERT INTO order_item (order_item_id, order_id, item_id, quantity, unit_price, subtotal) VALUES (98, 68, 4, 1, 77000, 77000);
INSERT INTO order_item_modifier (order_item_id, option_id, price_delta_at_sale) VALUES (98, 12, 12000);
INSERT INTO payment (payment_id, order_id, payment_method, amount_paid) VALUES (64, 68, 'Cash', 126000);
INSERT INTO order_promotion (order_id, promotion_id, amount_discounted) VALUES (68, 1, 14000);
INSERT INTO loyalty_transaction (loyalty_txn_id, customer_id, order_id, points_change, txn_type) VALUES (50, 8, 68, 126, 'earn');
UPDATE customer SET loyalty_points = loyalty_points + 126 WHERE customer_id = 8;
INSERT INTO orders (order_id, location_id, staff_id, customer_id, order_type, order_status, total_amount, order_date) VALUES (69, 1, 6, 13, 'takeaway', 'Completed', 157500, '2026-05-10 10:48:24');
INSERT INTO order_item (order_item_id, order_id, item_id, quantity, unit_price, subtotal) VALUES (99, 69, 4, 2, 65000, 130000);
INSERT INTO order_item (order_item_id, order_id, item_id, quantity, unit_price, subtotal) VALUES (100, 69, 1, 1, 45000, 45000);
INSERT INTO payment (payment_id, order_id, payment_method, amount_paid) VALUES (65, 69, 'Mobile', 157500);
INSERT INTO order_promotion (order_id, promotion_id, amount_discounted) VALUES (69, 1, 17500);
INSERT INTO loyalty_transaction (loyalty_txn_id, customer_id, order_id, points_change, txn_type) VALUES (51, 13, 69, 157, 'earn');
UPDATE customer SET loyalty_points = loyalty_points + 157 WHERE customer_id = 13;
INSERT INTO orders (order_id, location_id, staff_id, customer_id, order_type, order_status, total_amount, order_date) VALUES (70, 1, 2, NULL, 'takeaway', 'Completed', 58500, '2026-05-10 15:51:25');
INSERT INTO order_item (order_item_id, order_id, item_id, quantity, unit_price, subtotal) VALUES (101, 70, 4, 1, 65000, 65000);
INSERT INTO payment (payment_id, order_id, payment_method, amount_paid) VALUES (66, 70, 'Cash', 58500);
INSERT INTO order_promotion (order_id, promotion_id, amount_discounted) VALUES (70, 1, 6500);
INSERT INTO audit_log (log_id, staff_id, action_type, table_affected, record_id, details) VALUES (15, 2, 'CREATE_ORDER', 'orders', 70, 'Order #70 | Total: 58500đ | Cash');
INSERT INTO orders (order_id, location_id, staff_id, customer_id, order_type, order_status, total_amount, order_date) VALUES (71, 1, 1, 13, 'takeaway', 'Completed', 31500, '2026-05-10 09:16:24');
INSERT INTO order_item (order_item_id, order_id, item_id, quantity, unit_price, subtotal) VALUES (102, 71, 10, 1, 35000, 35000);
INSERT INTO payment (payment_id, order_id, payment_method, amount_paid) VALUES (67, 71, 'Cash', 31500);
INSERT INTO order_promotion (order_id, promotion_id, amount_discounted) VALUES (71, 1, 3500);
INSERT INTO loyalty_transaction (loyalty_txn_id, customer_id, order_id, points_change, txn_type) VALUES (52, 13, 71, 31, 'earn');
UPDATE customer SET loyalty_points = loyalty_points + 31 WHERE customer_id = 13;
INSERT INTO orders (order_id, location_id, staff_id, customer_id, order_type, order_status, total_amount, order_date) VALUES (72, 1, 5, 14, 'pickup', 'Completed', 54000, '2026-05-10 08:22:14');
INSERT INTO order_item (order_item_id, order_id, item_id, quantity, unit_price, subtotal) VALUES (103, 72, 8, 1, 60000, 60000);
INSERT INTO payment (payment_id, order_id, payment_method, amount_paid) VALUES (68, 72, 'Mobile', 54000);
INSERT INTO order_promotion (order_id, promotion_id, amount_discounted) VALUES (72, 1, 6000);
INSERT INTO loyalty_transaction (loyalty_txn_id, customer_id, order_id, points_change, txn_type) VALUES (53, 14, 72, 54, 'earn');
UPDATE customer SET loyalty_points = loyalty_points + 54 WHERE customer_id = 14;
INSERT INTO orders (order_id, location_id, staff_id, customer_id, order_type, order_status, total_amount, order_date) VALUES (73, 1, 2, 7, 'takeaway', 'Completed', 10500, '2026-05-10 08:13:29');
INSERT INTO order_item (order_item_id, order_id, item_id, quantity, unit_price, subtotal) VALUES (104, 73, 5, 1, 55000, 55000);
INSERT INTO payment (payment_id, order_id, payment_method, amount_paid) VALUES (69, 73, 'Card', 10500);
INSERT INTO order_promotion (order_id, promotion_id, amount_discounted) VALUES (73, 1, 5500);
INSERT INTO loyalty_transaction (loyalty_txn_id, customer_id, order_id, points_change, txn_type) VALUES (54, 7, 73, 39, 'redeem');
INSERT INTO loyalty_transaction (loyalty_txn_id, customer_id, order_id, points_change, txn_type) VALUES (55, 7, 73, 10, 'earn');
UPDATE customer SET loyalty_points = loyalty_points + -29 WHERE customer_id = 7;
INSERT INTO orders (order_id, location_id, staff_id, customer_id, order_type, order_status, total_amount, order_date) VALUES (74, 1, 1, 6, 'pickup', 'Completed', 117000, '2026-05-10 15:24:25');
INSERT INTO order_item (order_item_id, order_id, item_id, quantity, unit_price, subtotal) VALUES (105, 74, 3, 2, 65000, 130000);
INSERT INTO order_item_modifier (order_item_id, option_id, price_delta_at_sale) VALUES (105, 14, 10000);
INSERT INTO payment (payment_id, order_id, payment_method, amount_paid) VALUES (70, 74, 'Cash', 117000);
INSERT INTO order_promotion (order_id, promotion_id, amount_discounted) VALUES (74, 1, 13000);
INSERT INTO loyalty_transaction (loyalty_txn_id, customer_id, order_id, points_change, txn_type) VALUES (56, 6, 74, 117, 'earn');
UPDATE customer SET loyalty_points = loyalty_points + 117 WHERE customer_id = 6;
INSERT INTO orders (order_id, location_id, staff_id, customer_id, order_type, order_status, total_amount, order_date) VALUES (75, 1, 1, 10, 'takeaway', 'Completed', 164700, '2026-05-10 14:04:32');
INSERT INTO order_item (order_item_id, order_id, item_id, quantity, unit_price, subtotal) VALUES (106, 75, 1, 1, 57000, 57000);
INSERT INTO order_item_modifier (order_item_id, option_id, price_delta_at_sale) VALUES (106, 12, 12000);
INSERT INTO order_item (order_item_id, order_id, item_id, quantity, unit_price, subtotal) VALUES (107, 75, 6, 2, 63000, 126000);
INSERT INTO order_item_modifier (order_item_id, option_id, price_delta_at_sale) VALUES (107, 7, 8000);
INSERT INTO payment (payment_id, order_id, payment_method, amount_paid) VALUES (71, 75, 'Card', 164700);
INSERT INTO order_promotion (order_id, promotion_id, amount_discounted) VALUES (75, 1, 18300);
INSERT INTO loyalty_transaction (loyalty_txn_id, customer_id, order_id, points_change, txn_type) VALUES (57, 10, 75, 164, 'earn');
UPDATE customer SET loyalty_points = loyalty_points + 164 WHERE customer_id = 10;
INSERT INTO audit_log (log_id, staff_id, action_type, table_affected, record_id, details) VALUES (16, 1, 'CREATE_ORDER', 'orders', 75, 'Order #75 | Total: 164700đ | Card');
INSERT INTO orders (order_id, location_id, staff_id, customer_id, order_type, order_status, total_amount, order_date) VALUES (76, 2, 3, 14, 'takeaway', 'Completed', 226800, '2026-05-10 12:27:52');
INSERT INTO order_item (order_item_id, order_id, item_id, quantity, unit_price, subtotal) VALUES (108, 76, 3, 1, 63000, 63000);
INSERT INTO order_item_modifier (order_item_id, option_id, price_delta_at_sale) VALUES (108, 6, 8000);
INSERT INTO order_item (order_item_id, order_id, item_id, quantity, unit_price, subtotal) VALUES (109, 76, 9, 2, 67000, 134000);
INSERT INTO order_item_modifier (order_item_id, option_id, price_delta_at_sale) VALUES (109, 12, 12000);
INSERT INTO order_item (order_item_id, order_id, item_id, quantity, unit_price, subtotal) VALUES (110, 76, 6, 1, 55000, 55000);
INSERT INTO payment (payment_id, order_id, payment_method, amount_paid) VALUES (72, 76, 'Card', 226800);
INSERT INTO order_promotion (order_id, promotion_id, amount_discounted) VALUES (76, 1, 25200);
INSERT INTO loyalty_transaction (loyalty_txn_id, customer_id, order_id, points_change, txn_type) VALUES (58, 14, 76, 226, 'earn');
UPDATE customer SET loyalty_points = loyalty_points + 226 WHERE customer_id = 14;
INSERT INTO orders (order_id, location_id, staff_id, customer_id, order_type, order_status, total_amount, order_date) VALUES (77, 2, 3, NULL, 'pickup', 'Completed', 58500, '2026-05-10 10:56:38');
INSERT INTO order_item (order_item_id, order_id, item_id, quantity, unit_price, subtotal) VALUES (111, 77, 9, 1, 65000, 65000);
INSERT INTO order_item_modifier (order_item_id, option_id, price_delta_at_sale) VALUES (111, 2, 10000);
INSERT INTO payment (payment_id, order_id, payment_method, amount_paid) VALUES (73, 77, 'Cash', 58500);
INSERT INTO order_promotion (order_id, promotion_id, amount_discounted) VALUES (77, 1, 6500);
INSERT INTO orders (order_id, location_id, staff_id, customer_id, order_type, order_status, total_amount, order_date) VALUES (78, 2, 3, 3, 'takeaway', 'Completed', 39000, '2026-05-10 15:41:45');
INSERT INTO order_item (order_item_id, order_id, item_id, quantity, unit_price, subtotal) VALUES (112, 78, 8, 1, 60000, 60000);
INSERT INTO payment (payment_id, order_id, payment_method, amount_paid) VALUES (74, 78, 'Card', 39000);
INSERT INTO order_promotion (order_id, promotion_id, amount_discounted) VALUES (78, 1, 6000);
INSERT INTO loyalty_transaction (loyalty_txn_id, customer_id, order_id, points_change, txn_type) VALUES (59, 3, 78, 15, 'redeem');
INSERT INTO loyalty_transaction (loyalty_txn_id, customer_id, order_id, points_change, txn_type) VALUES (60, 3, 78, 39, 'earn');
UPDATE customer SET loyalty_points = loyalty_points + 24 WHERE customer_id = 3;
INSERT INTO orders (order_id, location_id, staff_id, customer_id, order_type, order_status, total_amount, order_date) VALUES (79, 2, 3, 10, 'pickup', 'Completed', 9700, '2026-05-10 17:21:22');
INSERT INTO order_item (order_item_id, order_id, item_id, quantity, unit_price, subtotal) VALUES (113, 79, 5, 1, 63000, 63000);
INSERT INTO order_item_modifier (order_item_id, option_id, price_delta_at_sale) VALUES (113, 7, 8000);
INSERT INTO payment (payment_id, order_id, payment_method, amount_paid) VALUES (75, 79, 'Cash', 9700);
INSERT INTO order_promotion (order_id, promotion_id, amount_discounted) VALUES (79, 1, 6300);
INSERT INTO loyalty_transaction (loyalty_txn_id, customer_id, order_id, points_change, txn_type) VALUES (61, 10, 79, 47, 'redeem');
INSERT INTO loyalty_transaction (loyalty_txn_id, customer_id, order_id, points_change, txn_type) VALUES (62, 10, 79, 9, 'earn');
UPDATE customer SET loyalty_points = loyalty_points + -38 WHERE customer_id = 10;
INSERT INTO orders (order_id, location_id, staff_id, customer_id, order_type, order_status, total_amount, order_date) VALUES (80, 2, 3, 6, 'takeaway', 'Completed', 61200, '2026-05-10 22:33:38');
INSERT INTO order_item (order_item_id, order_id, item_id, quantity, unit_price, subtotal) VALUES (114, 80, 8, 1, 68000, 68000);
INSERT INTO order_item_modifier (order_item_id, option_id, price_delta_at_sale) VALUES (114, 6, 8000);
INSERT INTO payment (payment_id, order_id, payment_method, amount_paid) VALUES (76, 80, 'Cash', 61200);
INSERT INTO order_promotion (order_id, promotion_id, amount_discounted) VALUES (80, 1, 6800);
INSERT INTO loyalty_transaction (loyalty_txn_id, customer_id, order_id, points_change, txn_type) VALUES (63, 6, 80, 61, 'earn');
UPDATE customer SET loyalty_points = loyalty_points + 61 WHERE customer_id = 6;
INSERT INTO audit_log (log_id, staff_id, action_type, table_affected, record_id, details) VALUES (17, 3, 'CREATE_ORDER', 'orders', 80, 'Order #80 | Total: 61200đ | Cash');
INSERT INTO orders (order_id, location_id, staff_id, customer_id, order_type, order_status, total_amount, order_date) VALUES (81, 1, 2, 9, 'takeaway', 'Completed', 153500, '2026-05-11 19:31:06');
INSERT INTO order_item (order_item_id, order_id, item_id, quantity, unit_price, subtotal) VALUES (115, 81, 8, 2, 60000, 120000);
INSERT INTO order_item (order_item_id, order_id, item_id, quantity, unit_price, subtotal) VALUES (116, 81, 2, 1, 55000, 55000);
INSERT INTO payment (payment_id, order_id, payment_method, amount_paid) VALUES (77, 81, 'Mobile', 153500);
INSERT INTO order_promotion (order_id, promotion_id, amount_discounted) VALUES (81, 1, 17500);
INSERT INTO loyalty_transaction (loyalty_txn_id, customer_id, order_id, points_change, txn_type) VALUES (64, 9, 81, 4, 'redeem');
INSERT INTO loyalty_transaction (loyalty_txn_id, customer_id, order_id, points_change, txn_type) VALUES (65, 9, 81, 153, 'earn');
UPDATE customer SET loyalty_points = loyalty_points + 149 WHERE customer_id = 9;
INSERT INTO orders (order_id, location_id, staff_id, customer_id, order_type, order_status, total_amount, order_date) VALUES (82, 1, 6, 4, 'takeaway', 'Completed', 16700, '2026-05-11 08:09:51');
INSERT INTO order_item (order_item_id, order_id, item_id, quantity, unit_price, subtotal) VALUES (117, 82, 7, 1, 73000, 73000);
INSERT INTO order_item_modifier (order_item_id, option_id, price_delta_at_sale) VALUES (117, 6, 8000);
INSERT INTO payment (payment_id, order_id, payment_method, amount_paid) VALUES (78, 82, 'Cash', 16700);
INSERT INTO order_promotion (order_id, promotion_id, amount_discounted) VALUES (82, 1, 7300);
INSERT INTO loyalty_transaction (loyalty_txn_id, customer_id, order_id, points_change, txn_type) VALUES (66, 4, 82, 49, 'redeem');
INSERT INTO loyalty_transaction (loyalty_txn_id, customer_id, order_id, points_change, txn_type) VALUES (67, 4, 82, 16, 'earn');
UPDATE customer SET loyalty_points = loyalty_points + -33 WHERE customer_id = 4;
INSERT INTO orders (order_id, location_id, staff_id, customer_id, order_type, order_status, total_amount, order_date) VALUES (83, 1, 2, NULL, 'pickup', 'Completed', 31500, '2026-05-11 23:19:36');
INSERT INTO order_item (order_item_id, order_id, item_id, quantity, unit_price, subtotal) VALUES (118, 83, 10, 1, 35000, 35000);
INSERT INTO payment (payment_id, order_id, payment_method, amount_paid) VALUES (79, 83, 'Cash', 31500);
INSERT INTO order_promotion (order_id, promotion_id, amount_discounted) VALUES (83, 1, 3500);
INSERT INTO orders (order_id, location_id, staff_id, customer_id, order_type, order_status, total_amount, order_date) VALUES (84, 1, 2, 7, 'pickup', 'Completed', 49500, '2026-05-11 08:00:26');
INSERT INTO order_item (order_item_id, order_id, item_id, quantity, unit_price, subtotal) VALUES (119, 84, 2, 1, 55000, 55000);
INSERT INTO payment (payment_id, order_id, payment_method, amount_paid) VALUES (80, 84, 'Card', 49500);
INSERT INTO order_promotion (order_id, promotion_id, amount_discounted) VALUES (84, 1, 5500);
INSERT INTO loyalty_transaction (loyalty_txn_id, customer_id, order_id, points_change, txn_type) VALUES (68, 7, 84, 49, 'earn');
UPDATE customer SET loyalty_points = loyalty_points + 49 WHERE customer_id = 7;
INSERT INTO orders (order_id, location_id, staff_id, customer_id, order_type, order_status, total_amount, order_date) VALUES (85, 1, 5, 15, 'takeaway', 'Completed', 232200, '2026-05-11 21:27:07');
INSERT INTO order_item (order_item_id, order_id, item_id, quantity, unit_price, subtotal) VALUES (120, 85, 9, 1, 55000, 55000);
INSERT INTO order_item (order_item_id, order_id, item_id, quantity, unit_price, subtotal) VALUES (121, 85, 7, 2, 65000, 130000);
INSERT INTO order_item (order_item_id, order_id, item_id, quantity, unit_price, subtotal) VALUES (122, 85, 7, 1, 73000, 73000);
INSERT INTO order_item_modifier (order_item_id, option_id, price_delta_at_sale) VALUES (122, 7, 8000);
INSERT INTO payment (payment_id, order_id, payment_method, amount_paid) VALUES (81, 85, 'Card', 232200);
INSERT INTO order_promotion (order_id, promotion_id, amount_discounted) VALUES (85, 1, 25800);
INSERT INTO loyalty_transaction (loyalty_txn_id, customer_id, order_id, points_change, txn_type) VALUES (69, 15, 85, 232, 'earn');
UPDATE customer SET loyalty_points = loyalty_points + 232 WHERE customer_id = 15;
INSERT INTO audit_log (log_id, staff_id, action_type, table_affected, record_id, details) VALUES (18, 5, 'CREATE_ORDER', 'orders', 85, 'Order #85 | Total: 232200đ | Card');
INSERT INTO orders (order_id, location_id, staff_id, customer_id, order_type, order_status, total_amount, order_date) VALUES (86, 1, 5, 15, 'takeaway', 'Completed', 58500, '2026-05-11 10:34:31');
INSERT INTO order_item (order_item_id, order_id, item_id, quantity, unit_price, subtotal) VALUES (123, 86, 4, 1, 65000, 65000);
INSERT INTO payment (payment_id, order_id, payment_method, amount_paid) VALUES (82, 86, 'Cash', 58500);
INSERT INTO order_promotion (order_id, promotion_id, amount_discounted) VALUES (86, 1, 6500);
INSERT INTO loyalty_transaction (loyalty_txn_id, customer_id, order_id, points_change, txn_type) VALUES (70, 15, 86, 58, 'earn');
UPDATE customer SET loyalty_points = loyalty_points + 58 WHERE customer_id = 15;
INSERT INTO orders (order_id, location_id, staff_id, customer_id, order_type, order_status, total_amount, order_date) VALUES (87, 1, 5, 1, 'takeaway', 'Completed', 121500, '2026-05-11 07:48:43');
INSERT INTO order_item (order_item_id, order_id, item_id, quantity, unit_price, subtotal) VALUES (124, 87, 10, 2, 35000, 70000);
INSERT INTO order_item (order_item_id, order_id, item_id, quantity, unit_price, subtotal) VALUES (125, 87, 6, 1, 65000, 65000);
INSERT INTO order_item_modifier (order_item_id, option_id, price_delta_at_sale) VALUES (125, 14, 10000);
INSERT INTO payment (payment_id, order_id, payment_method, amount_paid) VALUES (83, 87, 'Cash', 121500);
INSERT INTO order_promotion (order_id, promotion_id, amount_discounted) VALUES (87, 1, 13500);
INSERT INTO loyalty_transaction (loyalty_txn_id, customer_id, order_id, points_change, txn_type) VALUES (71, 1, 87, 121, 'earn');
UPDATE customer SET loyalty_points = loyalty_points + 121 WHERE customer_id = 1;
INSERT INTO orders (order_id, location_id, staff_id, customer_id, order_type, order_status, total_amount, order_date) VALUES (88, 2, 3, 14, 'pickup', 'Completed', 58500, '2026-05-11 10:06:54');
INSERT INTO order_item (order_item_id, order_id, item_id, quantity, unit_price, subtotal) VALUES (126, 88, 4, 1, 65000, 65000);
INSERT INTO payment (payment_id, order_id, payment_method, amount_paid) VALUES (84, 88, 'Mobile', 58500);
INSERT INTO order_promotion (order_id, promotion_id, amount_discounted) VALUES (88, 1, 6500);
INSERT INTO loyalty_transaction (loyalty_txn_id, customer_id, order_id, points_change, txn_type) VALUES (72, 14, 88, 58, 'earn');
UPDATE customer SET loyalty_points = loyalty_points + 58 WHERE customer_id = 14;
INSERT INTO orders (order_id, location_id, staff_id, customer_id, order_type, order_status, total_amount, order_date) VALUES (89, 2, 7, 2, 'pickup', 'Completed', 117000, '2026-05-11 17:55:32');
INSERT INTO order_item (order_item_id, order_id, item_id, quantity, unit_price, subtotal) VALUES (127, 89, 2, 2, 65000, 130000);
INSERT INTO order_item_modifier (order_item_id, option_id, price_delta_at_sale) VALUES (127, 14, 10000);
INSERT INTO payment (payment_id, order_id, payment_method, amount_paid) VALUES (85, 89, 'Cash', 117000);
INSERT INTO order_promotion (order_id, promotion_id, amount_discounted) VALUES (89, 1, 13000);
INSERT INTO loyalty_transaction (loyalty_txn_id, customer_id, order_id, points_change, txn_type) VALUES (73, 2, 89, 117, 'earn');
UPDATE customer SET loyalty_points = loyalty_points + 117 WHERE customer_id = 2;
INSERT INTO orders (order_id, location_id, staff_id, customer_id, order_type, order_status, total_amount, order_date) VALUES (90, 1, 6, 15, 'takeaway', 'Completed', 36000, '2026-05-12 11:44:31');
INSERT INTO order_item (order_item_id, order_id, item_id, quantity, unit_price, subtotal) VALUES (128, 90, 11, 1, 40000, 40000);
INSERT INTO payment (payment_id, order_id, payment_method, amount_paid) VALUES (86, 90, 'Cash', 36000);
INSERT INTO order_promotion (order_id, promotion_id, amount_discounted) VALUES (90, 1, 4000);
INSERT INTO loyalty_transaction (loyalty_txn_id, customer_id, order_id, points_change, txn_type) VALUES (74, 15, 90, 36, 'earn');
UPDATE customer SET loyalty_points = loyalty_points + 36 WHERE customer_id = 15;
INSERT INTO audit_log (log_id, staff_id, action_type, table_affected, record_id, details) VALUES (19, 6, 'CREATE_ORDER', 'orders', 90, 'Order #90 | Total: 36000đ | Cash');
INSERT INTO orders (order_id, location_id, staff_id, customer_id, order_type, order_status, total_amount, order_date) VALUES (91, 1, 2, 10, 'takeaway', 'Completed', 43200, '2026-05-12 20:29:07');
INSERT INTO order_item (order_item_id, order_id, item_id, quantity, unit_price, subtotal) VALUES (129, 91, 13, 1, 48000, 48000);
INSERT INTO order_item_modifier (order_item_id, option_id, price_delta_at_sale) VALUES (129, 7, 8000);
INSERT INTO payment (payment_id, order_id, payment_method, amount_paid) VALUES (87, 91, 'Card', 43200);
INSERT INTO order_promotion (order_id, promotion_id, amount_discounted) VALUES (91, 1, 4800);
INSERT INTO loyalty_transaction (loyalty_txn_id, customer_id, order_id, points_change, txn_type) VALUES (75, 10, 91, 43, 'earn');
UPDATE customer SET loyalty_points = loyalty_points + 43 WHERE customer_id = 10;
INSERT INTO orders (order_id, location_id, staff_id, customer_id, order_type, order_status, total_amount, order_date) VALUES (92, 1, 6, NULL, 'takeaway', 'Completed', 60300, '2026-05-12 13:47:56');
INSERT INTO order_item (order_item_id, order_id, item_id, quantity, unit_price, subtotal) VALUES (130, 92, 3, 1, 67000, 67000);
INSERT INTO order_item_modifier (order_item_id, option_id, price_delta_at_sale) VALUES (130, 12, 12000);
INSERT INTO payment (payment_id, order_id, payment_method, amount_paid) VALUES (88, 92, 'Cash', 60300);
INSERT INTO order_promotion (order_id, promotion_id, amount_discounted) VALUES (92, 1, 6700);
INSERT INTO orders (order_id, location_id, staff_id, customer_id, order_type, order_status, total_amount, order_date) VALUES (93, 1, 5, 1, 'pickup', 'Completed', 117000, '2026-05-12 19:28:34');
INSERT INTO order_item (order_item_id, order_id, item_id, quantity, unit_price, subtotal) VALUES (131, 93, 6, 1, 65000, 65000);
INSERT INTO order_item_modifier (order_item_id, option_id, price_delta_at_sale) VALUES (131, 14, 10000);
INSERT INTO order_item (order_item_id, order_id, item_id, quantity, unit_price, subtotal) VALUES (132, 93, 7, 1, 65000, 65000);
INSERT INTO payment (payment_id, order_id, payment_method, amount_paid) VALUES (89, 93, 'Card', 117000);
INSERT INTO order_promotion (order_id, promotion_id, amount_discounted) VALUES (93, 1, 13000);
INSERT INTO loyalty_transaction (loyalty_txn_id, customer_id, order_id, points_change, txn_type) VALUES (76, 1, 93, 117, 'earn');
UPDATE customer SET loyalty_points = loyalty_points + 117 WHERE customer_id = 1;
INSERT INTO orders (order_id, location_id, staff_id, customer_id, order_type, order_status, total_amount, order_date) VALUES (94, 1, 2, 13, 'takeaway', 'Completed', 49500, '2026-05-12 12:58:51');
INSERT INTO order_item (order_item_id, order_id, item_id, quantity, unit_price, subtotal) VALUES (133, 94, 3, 1, 55000, 55000);
INSERT INTO payment (payment_id, order_id, payment_method, amount_paid) VALUES (90, 94, 'Mobile', 49500);
INSERT INTO order_promotion (order_id, promotion_id, amount_discounted) VALUES (94, 1, 5500);
INSERT INTO loyalty_transaction (loyalty_txn_id, customer_id, order_id, points_change, txn_type) VALUES (77, 13, 94, 49, 'earn');
UPDATE customer SET loyalty_points = loyalty_points + 49 WHERE customer_id = 13;
INSERT INTO orders (order_id, location_id, staff_id, customer_id, order_type, order_status, total_amount, order_date) VALUES (95, 1, 2, NULL, 'takeaway', 'Completed', 146700, '2026-05-12 08:58:29');
INSERT INTO order_item (order_item_id, order_id, item_id, quantity, unit_price, subtotal) VALUES (134, 95, 4, 1, 73000, 73000);
INSERT INTO order_item_modifier (order_item_id, option_id, price_delta_at_sale) VALUES (134, 6, 8000);
INSERT INTO order_item (order_item_id, order_id, item_id, quantity, unit_price, subtotal) VALUES (135, 95, 2, 1, 55000, 55000);
INSERT INTO order_item (order_item_id, order_id, item_id, quantity, unit_price, subtotal) VALUES (136, 95, 10, 1, 35000, 35000);
INSERT INTO payment (payment_id, order_id, payment_method, amount_paid) VALUES (91, 95, 'Cash', 146700);
INSERT INTO order_promotion (order_id, promotion_id, amount_discounted) VALUES (95, 1, 16300);
INSERT INTO audit_log (log_id, staff_id, action_type, table_affected, record_id, details) VALUES (20, 2, 'CREATE_ORDER', 'orders', 95, 'Order #95 | Total: 146700đ | Cash');
INSERT INTO orders (order_id, location_id, staff_id, customer_id, order_type, order_status, total_amount, order_date) VALUES (96, 1, 1, 11, 'pickup', 'Completed', 90000, '2026-05-12 13:39:04');
INSERT INTO order_item (order_item_id, order_id, item_id, quantity, unit_price, subtotal) VALUES (137, 96, 10, 1, 35000, 35000);
INSERT INTO order_item (order_item_id, order_id, item_id, quantity, unit_price, subtotal) VALUES (138, 96, 5, 1, 65000, 65000);
INSERT INTO order_item_modifier (order_item_id, option_id, price_delta_at_sale) VALUES (138, 2, 10000);
INSERT INTO payment (payment_id, order_id, payment_method, amount_paid) VALUES (92, 96, 'Mobile', 90000);
INSERT INTO order_promotion (order_id, promotion_id, amount_discounted) VALUES (96, 1, 10000);
INSERT INTO loyalty_transaction (loyalty_txn_id, customer_id, order_id, points_change, txn_type) VALUES (78, 11, 96, 90, 'earn');
UPDATE customer SET loyalty_points = loyalty_points + 90 WHERE customer_id = 11;
INSERT INTO orders (order_id, location_id, staff_id, customer_id, order_type, order_status, total_amount, order_date) VALUES (97, 1, 1, 15, 'takeaway', 'Completed', 155700, '2026-05-12 11:09:15');
INSERT INTO order_item (order_item_id, order_id, item_id, quantity, unit_price, subtotal) VALUES (139, 97, 1, 1, 45000, 45000);
INSERT INTO order_item (order_item_id, order_id, item_id, quantity, unit_price, subtotal) VALUES (140, 97, 9, 1, 65000, 65000);
INSERT INTO order_item_modifier (order_item_id, option_id, price_delta_at_sale) VALUES (140, 2, 10000);
INSERT INTO order_item (order_item_id, order_id, item_id, quantity, unit_price, subtotal) VALUES (141, 97, 3, 1, 63000, 63000);
INSERT INTO order_item_modifier (order_item_id, option_id, price_delta_at_sale) VALUES (141, 6, 8000);
INSERT INTO payment (payment_id, order_id, payment_method, amount_paid) VALUES (93, 97, 'Card', 155700);
INSERT INTO order_promotion (order_id, promotion_id, amount_discounted) VALUES (97, 1, 17300);
INSERT INTO loyalty_transaction (loyalty_txn_id, customer_id, order_id, points_change, txn_type) VALUES (79, 15, 97, 155, 'earn');
UPDATE customer SET loyalty_points = loyalty_points + 155 WHERE customer_id = 15;
INSERT INTO orders (order_id, location_id, staff_id, customer_id, order_type, order_status, total_amount, order_date) VALUES (98, 1, 2, 15, 'pickup', 'Completed', 156600, '2026-05-12 10:34:10');
INSERT INTO order_item (order_item_id, order_id, item_id, quantity, unit_price, subtotal) VALUES (142, 98, 11, 1, 40000, 40000);
INSERT INTO order_item (order_item_id, order_id, item_id, quantity, unit_price, subtotal) VALUES (143, 98, 5, 2, 67000, 134000);
INSERT INTO order_item_modifier (order_item_id, option_id, price_delta_at_sale) VALUES (143, 12, 12000);
INSERT INTO payment (payment_id, order_id, payment_method, amount_paid) VALUES (94, 98, 'Cash', 156600);
INSERT INTO order_promotion (order_id, promotion_id, amount_discounted) VALUES (98, 1, 17400);
INSERT INTO loyalty_transaction (loyalty_txn_id, customer_id, order_id, points_change, txn_type) VALUES (80, 15, 98, 156, 'earn');
UPDATE customer SET loyalty_points = loyalty_points + 156 WHERE customer_id = 15;
INSERT INTO orders (order_id, location_id, staff_id, customer_id, order_type, order_status, total_amount, order_date) VALUES (99, 2, 7, 7, 'pickup', 'Completed', 58500, '2026-05-12 10:18:44');
INSERT INTO order_item (order_item_id, order_id, item_id, quantity, unit_price, subtotal) VALUES (144, 99, 4, 1, 65000, 65000);
INSERT INTO payment (payment_id, order_id, payment_method, amount_paid) VALUES (95, 99, 'Mobile', 58500);
INSERT INTO order_promotion (order_id, promotion_id, amount_discounted) VALUES (99, 1, 6500);
INSERT INTO loyalty_transaction (loyalty_txn_id, customer_id, order_id, points_change, txn_type) VALUES (81, 7, 99, 58, 'earn');
UPDATE customer SET loyalty_points = loyalty_points + 58 WHERE customer_id = 7;
INSERT INTO orders (order_id, location_id, staff_id, customer_id, order_type, order_status, total_amount, order_date) VALUES (100, 2, 3, NULL, 'pickup', 'Completed', 49500, '2026-05-12 09:12:39');
INSERT INTO order_item (order_item_id, order_id, item_id, quantity, unit_price, subtotal) VALUES (145, 100, 9, 1, 55000, 55000);
INSERT INTO payment (payment_id, order_id, payment_method, amount_paid) VALUES (96, 100, 'Card', 49500);
INSERT INTO order_promotion (order_id, promotion_id, amount_discounted) VALUES (100, 1, 5500);
INSERT INTO audit_log (log_id, staff_id, action_type, table_affected, record_id, details) VALUES (21, 3, 'CREATE_ORDER', 'orders', 100, 'Order #100 | Total: 49500đ | Card');
INSERT INTO orders (order_id, location_id, staff_id, customer_id, order_type, order_status, total_amount, order_date) VALUES (101, 2, 3, 4, 'takeaway', 'Completed', 40500, '2026-05-12 16:05:58');
INSERT INTO order_item (order_item_id, order_id, item_id, quantity, unit_price, subtotal) VALUES (146, 101, 6, 1, 55000, 55000);
INSERT INTO payment (payment_id, order_id, payment_method, amount_paid) VALUES (97, 101, 'Cash', 40500);
INSERT INTO order_promotion (order_id, promotion_id, amount_discounted) VALUES (101, 1, 5500);
INSERT INTO loyalty_transaction (loyalty_txn_id, customer_id, order_id, points_change, txn_type) VALUES (82, 4, 101, 9, 'redeem');
INSERT INTO loyalty_transaction (loyalty_txn_id, customer_id, order_id, points_change, txn_type) VALUES (83, 4, 101, 40, 'earn');
UPDATE customer SET loyalty_points = loyalty_points + 31 WHERE customer_id = 4;
INSERT INTO orders (order_id, location_id, staff_id, customer_id, order_type, order_status, total_amount, order_date) VALUES (102, 2, 7, NULL, 'pickup', 'Completed', 58500, '2026-05-12 12:51:18');
INSERT INTO order_item (order_item_id, order_id, item_id, quantity, unit_price, subtotal) VALUES (147, 102, 9, 1, 65000, 65000);
INSERT INTO order_item_modifier (order_item_id, option_id, price_delta_at_sale) VALUES (147, 2, 10000);
INSERT INTO payment (payment_id, order_id, payment_method, amount_paid) VALUES (98, 102, 'Mobile', 58500);
INSERT INTO order_promotion (order_id, promotion_id, amount_discounted) VALUES (102, 1, 6500);
INSERT INTO orders (order_id, location_id, staff_id, customer_id, order_type, order_status, total_amount, order_date) VALUES (103, 1, 2, 13, 'pickup', 'Completed', 60300, '2026-05-13 08:23:43');
INSERT INTO order_item (order_item_id, order_id, item_id, quantity, unit_price, subtotal) VALUES (148, 103, 3, 1, 67000, 67000);
INSERT INTO order_item_modifier (order_item_id, option_id, price_delta_at_sale) VALUES (148, 12, 12000);
INSERT INTO payment (payment_id, order_id, payment_method, amount_paid) VALUES (99, 103, 'Cash', 60300);
INSERT INTO order_promotion (order_id, promotion_id, amount_discounted) VALUES (103, 1, 6700);
INSERT INTO loyalty_transaction (loyalty_txn_id, customer_id, order_id, points_change, txn_type) VALUES (84, 13, 103, 60, 'earn');
UPDATE customer SET loyalty_points = loyalty_points + 60 WHERE customer_id = 13;
INSERT INTO orders (order_id, location_id, staff_id, customer_id, order_type, order_status, total_amount, order_date) VALUES (104, 1, 1, 8, 'pickup', 'Completed', 132000, '2026-05-13 09:04:40');
INSERT INTO order_item (order_item_id, order_id, item_id, quantity, unit_price, subtotal) VALUES (149, 104, 6, 2, 55000, 110000);
INSERT INTO order_item (order_item_id, order_id, item_id, quantity, unit_price, subtotal) VALUES (150, 104, 11, 1, 40000, 40000);
INSERT INTO payment (payment_id, order_id, payment_method, amount_paid) VALUES (100, 104, 'Cash', 132000);
INSERT INTO order_promotion (order_id, promotion_id, amount_discounted) VALUES (104, 1, 15000);
INSERT INTO loyalty_transaction (loyalty_txn_id, customer_id, order_id, points_change, txn_type) VALUES (85, 8, 104, 3, 'redeem');
INSERT INTO loyalty_transaction (loyalty_txn_id, customer_id, order_id, points_change, txn_type) VALUES (86, 8, 104, 132, 'earn');
UPDATE customer SET loyalty_points = loyalty_points + 129 WHERE customer_id = 8;
INSERT INTO orders (order_id, location_id, staff_id, customer_id, order_type, order_status, total_amount, order_date) VALUES (105, 1, 6, 4, 'takeaway', 'Completed', 117000, '2026-05-13 11:47:44');
INSERT INTO order_item (order_item_id, order_id, item_id, quantity, unit_price, subtotal) VALUES (151, 105, 4, 2, 65000, 130000);
INSERT INTO payment (payment_id, order_id, payment_method, amount_paid) VALUES (101, 105, 'Cash', 117000);
INSERT INTO order_promotion (order_id, promotion_id, amount_discounted) VALUES (105, 1, 13000);
INSERT INTO loyalty_transaction (loyalty_txn_id, customer_id, order_id, points_change, txn_type) VALUES (87, 4, 105, 117, 'earn');
UPDATE customer SET loyalty_points = loyalty_points + 117 WHERE customer_id = 4;
INSERT INTO audit_log (log_id, staff_id, action_type, table_affected, record_id, details) VALUES (22, 6, 'CREATE_ORDER', 'orders', 105, 'Order #105 | Total: 117000đ | Cash');
INSERT INTO orders (order_id, location_id, staff_id, customer_id, order_type, order_status, total_amount, order_date) VALUES (106, 1, 6, 4, 'pickup', 'Completed', 152200, '2026-05-13 12:15:54');
INSERT INTO order_item (order_item_id, order_id, item_id, quantity, unit_price, subtotal) VALUES (152, 106, 3, 1, 55000, 55000);
INSERT INTO order_item (order_item_id, order_id, item_id, quantity, unit_price, subtotal) VALUES (153, 106, 8, 1, 60000, 60000);
INSERT INTO order_item (order_item_id, order_id, item_id, quantity, unit_price, subtotal) VALUES (154, 106, 3, 1, 63000, 63000);
INSERT INTO order_item_modifier (order_item_id, option_id, price_delta_at_sale) VALUES (154, 7, 8000);
INSERT INTO payment (payment_id, order_id, payment_method, amount_paid) VALUES (102, 106, 'Card', 152200);
INSERT INTO order_promotion (order_id, promotion_id, amount_discounted) VALUES (106, 1, 17800);
INSERT INTO loyalty_transaction (loyalty_txn_id, customer_id, order_id, points_change, txn_type) VALUES (88, 4, 106, 8, 'redeem');
INSERT INTO loyalty_transaction (loyalty_txn_id, customer_id, order_id, points_change, txn_type) VALUES (89, 4, 106, 152, 'earn');
UPDATE customer SET loyalty_points = loyalty_points + 144 WHERE customer_id = 4;
INSERT INTO orders (order_id, location_id, staff_id, customer_id, order_type, order_status, total_amount, order_date) VALUES (107, 1, 6, 3, 'takeaway', 'Completed', 106200, '2026-05-13 09:08:50');
INSERT INTO order_item (order_item_id, order_id, item_id, quantity, unit_price, subtotal) VALUES (155, 107, 1, 1, 55000, 55000);
INSERT INTO order_item_modifier (order_item_id, option_id, price_delta_at_sale) VALUES (155, 14, 10000);
INSERT INTO order_item (order_item_id, order_id, item_id, quantity, unit_price, subtotal) VALUES (156, 107, 9, 1, 63000, 63000);
INSERT INTO order_item_modifier (order_item_id, option_id, price_delta_at_sale) VALUES (156, 6, 8000);
INSERT INTO payment (payment_id, order_id, payment_method, amount_paid) VALUES (103, 107, 'Card', 106200);
INSERT INTO order_promotion (order_id, promotion_id, amount_discounted) VALUES (107, 1, 11800);
INSERT INTO loyalty_transaction (loyalty_txn_id, customer_id, order_id, points_change, txn_type) VALUES (90, 3, 107, 106, 'earn');
UPDATE customer SET loyalty_points = loyalty_points + 106 WHERE customer_id = 3;
INSERT INTO orders (order_id, location_id, staff_id, customer_id, order_type, order_status, total_amount, order_date) VALUES (108, 2, 3, 9, 'takeaway', 'Cancelled', 56700, '2026-05-13 08:55:01');
INSERT INTO order_item (order_item_id, order_id, item_id, quantity, unit_price, subtotal) VALUES (157, 108, 9, 1, 63000, 63000);
INSERT INTO order_item_modifier (order_item_id, option_id, price_delta_at_sale) VALUES (157, 6, 8000);
INSERT INTO payment (payment_id, order_id, payment_method, amount_paid) VALUES (104, 108, 'Mobile', 56700);
INSERT INTO order_promotion (order_id, promotion_id, amount_discounted) VALUES (108, 1, 6300);
INSERT INTO orders (order_id, location_id, staff_id, customer_id, order_type, order_status, total_amount, order_date) VALUES (109, 2, 7, 2, 'takeaway', 'Cancelled', 23000, '2026-05-13 12:49:23');
INSERT INTO order_item (order_item_id, order_id, item_id, quantity, unit_price, subtotal) VALUES (158, 109, 8, 1, 70000, 70000);
INSERT INTO order_item_modifier (order_item_id, option_id, price_delta_at_sale) VALUES (158, 14, 10000);
INSERT INTO payment (payment_id, order_id, payment_method, amount_paid) VALUES (105, 109, 'Card', 23000);
INSERT INTO order_promotion (order_id, promotion_id, amount_discounted) VALUES (109, 1, 7000);
INSERT INTO orders (order_id, location_id, staff_id, customer_id, order_type, order_status, total_amount, order_date) VALUES (110, 2, 7, 15, 'takeaway', 'Completed', 135000, '2026-05-13 15:31:45');
INSERT INTO order_item (order_item_id, order_id, item_id, quantity, unit_price, subtotal) VALUES (159, 110, 4, 2, 75000, 150000);
INSERT INTO order_item_modifier (order_item_id, option_id, price_delta_at_sale) VALUES (159, 2, 10000);
INSERT INTO payment (payment_id, order_id, payment_method, amount_paid) VALUES (106, 110, 'Cash', 135000);
INSERT INTO order_promotion (order_id, promotion_id, amount_discounted) VALUES (110, 1, 15000);
INSERT INTO loyalty_transaction (loyalty_txn_id, customer_id, order_id, points_change, txn_type) VALUES (91, 15, 110, 135, 'earn');
UPDATE customer SET loyalty_points = loyalty_points + 135 WHERE customer_id = 15;
INSERT INTO audit_log (log_id, staff_id, action_type, table_affected, record_id, details) VALUES (23, 7, 'CREATE_ORDER', 'orders', 110, 'Order #110 | Total: 135000đ | Cash');
INSERT INTO orders (order_id, location_id, staff_id, customer_id, order_type, order_status, total_amount, order_date) VALUES (111, 1, 5, 13, 'pickup', 'Completed', 81500, '2026-05-14 19:41:56');
INSERT INTO order_item (order_item_id, order_id, item_id, quantity, unit_price, subtotal) VALUES (160, 111, 2, 1, 55000, 55000);
INSERT INTO order_item (order_item_id, order_id, item_id, quantity, unit_price, subtotal) VALUES (161, 111, 8, 1, 60000, 60000);
INSERT INTO payment (payment_id, order_id, payment_method, amount_paid) VALUES (107, 111, 'Cash', 81500);
INSERT INTO order_promotion (order_id, promotion_id, amount_discounted) VALUES (111, 1, 11500);
INSERT INTO loyalty_transaction (loyalty_txn_id, customer_id, order_id, points_change, txn_type) VALUES (92, 13, 111, 22, 'redeem');
INSERT INTO loyalty_transaction (loyalty_txn_id, customer_id, order_id, points_change, txn_type) VALUES (93, 13, 111, 81, 'earn');
UPDATE customer SET loyalty_points = loyalty_points + 59 WHERE customer_id = 13;
INSERT INTO orders (order_id, location_id, staff_id, customer_id, order_type, order_status, total_amount, order_date) VALUES (112, 1, 6, 14, 'takeaway', 'Completed', 51500, '2026-05-14 21:43:59');
INSERT INTO order_item (order_item_id, order_id, item_id, quantity, unit_price, subtotal) VALUES (162, 112, 3, 1, 65000, 65000);
INSERT INTO order_item_modifier (order_item_id, option_id, price_delta_at_sale) VALUES (162, 2, 10000);
INSERT INTO payment (payment_id, order_id, payment_method, amount_paid) VALUES (108, 112, 'Cash', 51500);
INSERT INTO order_promotion (order_id, promotion_id, amount_discounted) VALUES (112, 1, 6500);
INSERT INTO loyalty_transaction (loyalty_txn_id, customer_id, order_id, points_change, txn_type) VALUES (94, 14, 112, 7, 'redeem');
INSERT INTO loyalty_transaction (loyalty_txn_id, customer_id, order_id, points_change, txn_type) VALUES (95, 14, 112, 51, 'earn');
UPDATE customer SET loyalty_points = loyalty_points + 44 WHERE customer_id = 14;
INSERT INTO orders (order_id, location_id, staff_id, customer_id, order_type, order_status, total_amount, order_date) VALUES (113, 1, 5, 5, 'takeaway', 'Completed', 115200, '2026-05-14 10:42:48');
INSERT INTO order_item (order_item_id, order_id, item_id, quantity, unit_price, subtotal) VALUES (163, 113, 4, 1, 65000, 65000);
INSERT INTO order_item (order_item_id, order_id, item_id, quantity, unit_price, subtotal) VALUES (164, 113, 2, 1, 63000, 63000);
INSERT INTO order_item_modifier (order_item_id, option_id, price_delta_at_sale) VALUES (164, 7, 8000);
INSERT INTO payment (payment_id, order_id, payment_method, amount_paid) VALUES (109, 113, 'Card', 115200);
INSERT INTO order_promotion (order_id, promotion_id, amount_discounted) VALUES (113, 1, 12800);
INSERT INTO loyalty_transaction (loyalty_txn_id, customer_id, order_id, points_change, txn_type) VALUES (96, 5, 113, 115, 'earn');
UPDATE customer SET loyalty_points = loyalty_points + 115 WHERE customer_id = 5;
INSERT INTO orders (order_id, location_id, staff_id, customer_id, order_type, order_status, total_amount, order_date) VALUES (114, 1, 2, 5, 'pickup', 'Completed', 31500, '2026-05-14 11:48:17');
INSERT INTO order_item (order_item_id, order_id, item_id, quantity, unit_price, subtotal) VALUES (165, 114, 10, 1, 35000, 35000);
INSERT INTO payment (payment_id, order_id, payment_method, amount_paid) VALUES (110, 114, 'Cash', 31500);
INSERT INTO order_promotion (order_id, promotion_id, amount_discounted) VALUES (114, 1, 3500);
INSERT INTO loyalty_transaction (loyalty_txn_id, customer_id, order_id, points_change, txn_type) VALUES (97, 5, 114, 31, 'earn');
UPDATE customer SET loyalty_points = loyalty_points + 31 WHERE customer_id = 5;
INSERT INTO orders (order_id, location_id, staff_id, customer_id, order_type, order_status, total_amount, order_date) VALUES (115, 1, 1, 9, 'takeaway', 'Completed', 60000, '2026-05-14 06:55:09');
INSERT INTO order_item (order_item_id, order_id, item_id, quantity, unit_price, subtotal) VALUES (166, 115, 3, 1, 55000, 55000);
INSERT INTO order_item (order_item_id, order_id, item_id, quantity, unit_price, subtotal) VALUES (167, 115, 4, 1, 65000, 65000);
INSERT INTO payment (payment_id, order_id, payment_method, amount_paid) VALUES (111, 115, 'Cash', 60000);
INSERT INTO order_promotion (order_id, promotion_id, amount_discounted) VALUES (115, 1, 12000);
INSERT INTO loyalty_transaction (loyalty_txn_id, customer_id, order_id, points_change, txn_type) VALUES (98, 9, 115, 48, 'redeem');
INSERT INTO loyalty_transaction (loyalty_txn_id, customer_id, order_id, points_change, txn_type) VALUES (99, 9, 115, 60, 'earn');
UPDATE customer SET loyalty_points = loyalty_points + 12 WHERE customer_id = 9;
INSERT INTO audit_log (log_id, staff_id, action_type, table_affected, record_id, details) VALUES (24, 1, 'CREATE_ORDER', 'orders', 115, 'Order #115 | Total: 60000đ | Cash');
INSERT INTO orders (order_id, location_id, staff_id, customer_id, order_type, order_status, total_amount, order_date) VALUES (116, 1, 6, 14, 'pickup', 'Cancelled', 61200, '2026-05-14 17:36:38');
INSERT INTO order_item (order_item_id, order_id, item_id, quantity, unit_price, subtotal) VALUES (168, 116, 8, 1, 68000, 68000);
INSERT INTO order_item_modifier (order_item_id, option_id, price_delta_at_sale) VALUES (168, 6, 8000);
INSERT INTO payment (payment_id, order_id, payment_method, amount_paid) VALUES (112, 116, 'Cash', 61200);
INSERT INTO order_promotion (order_id, promotion_id, amount_discounted) VALUES (116, 1, 6800);
INSERT INTO orders (order_id, location_id, staff_id, customer_id, order_type, order_status, total_amount, order_date) VALUES (117, 2, 3, 9, 'pickup', 'Completed', 49500, '2026-05-14 10:48:32');
INSERT INTO order_item (order_item_id, order_id, item_id, quantity, unit_price, subtotal) VALUES (169, 117, 5, 1, 55000, 55000);
INSERT INTO payment (payment_id, order_id, payment_method, amount_paid) VALUES (113, 117, 'Card', 49500);
INSERT INTO order_promotion (order_id, promotion_id, amount_discounted) VALUES (117, 1, 5500);
INSERT INTO loyalty_transaction (loyalty_txn_id, customer_id, order_id, points_change, txn_type) VALUES (100, 9, 117, 49, 'earn');
UPDATE customer SET loyalty_points = loyalty_points + 49 WHERE customer_id = 9;
INSERT INTO orders (order_id, location_id, staff_id, customer_id, order_type, order_status, total_amount, order_date) VALUES (118, 2, 7, NULL, 'pickup', 'Completed', 49500, '2026-05-14 06:19:13');
INSERT INTO order_item (order_item_id, order_id, item_id, quantity, unit_price, subtotal) VALUES (170, 118, 6, 1, 55000, 55000);
INSERT INTO payment (payment_id, order_id, payment_method, amount_paid) VALUES (114, 118, 'Cash', 49500);
INSERT INTO order_promotion (order_id, promotion_id, amount_discounted) VALUES (118, 1, 5500);
INSERT INTO orders (order_id, location_id, staff_id, customer_id, order_type, order_status, total_amount, order_date) VALUES (119, 2, 3, 1, 'pickup', 'Cancelled', 69000, '2026-05-14 15:32:35');
INSERT INTO order_item (order_item_id, order_id, item_id, quantity, unit_price, subtotal) VALUES (171, 119, 4, 2, 65000, 130000);
INSERT INTO payment (payment_id, order_id, payment_method, amount_paid) VALUES (115, 119, 'Card', 69000);
INSERT INTO order_promotion (order_id, promotion_id, amount_discounted) VALUES (119, 1, 13000);
INSERT INTO orders (order_id, location_id, staff_id, customer_id, order_type, order_status, total_amount, order_date) VALUES (120, 2, 3, 15, 'takeaway', 'Completed', 112500, '2026-05-14 11:07:25');
INSERT INTO order_item (order_item_id, order_id, item_id, quantity, unit_price, subtotal) VALUES (172, 120, 6, 1, 65000, 65000);
INSERT INTO order_item_modifier (order_item_id, option_id, price_delta_at_sale) VALUES (172, 14, 10000);
INSERT INTO order_item (order_item_id, order_id, item_id, quantity, unit_price, subtotal) VALUES (173, 120, 8, 1, 60000, 60000);
INSERT INTO payment (payment_id, order_id, payment_method, amount_paid) VALUES (116, 120, 'Mobile', 112500);
INSERT INTO order_promotion (order_id, promotion_id, amount_discounted) VALUES (120, 1, 12500);
INSERT INTO loyalty_transaction (loyalty_txn_id, customer_id, order_id, points_change, txn_type) VALUES (101, 15, 120, 112, 'earn');
UPDATE customer SET loyalty_points = loyalty_points + 112 WHERE customer_id = 15;
INSERT INTO audit_log (log_id, staff_id, action_type, table_affected, record_id, details) VALUES (25, 3, 'CREATE_ORDER', 'orders', 120, 'Order #120 | Total: 112500đ | Mobile');
INSERT INTO orders (order_id, location_id, staff_id, customer_id, order_type, order_status, total_amount, order_date) VALUES (121, 1, 6, 13, 'takeaway', 'Completed', 17500, '2026-05-15 10:10:04');
INSERT INTO order_item (order_item_id, order_id, item_id, quantity, unit_price, subtotal) VALUES (174, 121, 4, 1, 75000, 75000);
INSERT INTO order_item_modifier (order_item_id, option_id, price_delta_at_sale) VALUES (174, 14, 10000);
INSERT INTO payment (payment_id, order_id, payment_method, amount_paid) VALUES (117, 121, 'Cash', 17500);
INSERT INTO order_promotion (order_id, promotion_id, amount_discounted) VALUES (121, 1, 7500);
INSERT INTO loyalty_transaction (loyalty_txn_id, customer_id, order_id, points_change, txn_type) VALUES (102, 13, 121, 50, 'redeem');
INSERT INTO loyalty_transaction (loyalty_txn_id, customer_id, order_id, points_change, txn_type) VALUES (103, 13, 121, 17, 'earn');
UPDATE customer SET loyalty_points = loyalty_points + -33 WHERE customer_id = 13;
INSERT INTO orders (order_id, location_id, staff_id, customer_id, order_type, order_status, total_amount, order_date) VALUES (122, 1, 2, 8, 'takeaway', 'Completed', 58500, '2026-05-15 17:41:04');
INSERT INTO order_item (order_item_id, order_id, item_id, quantity, unit_price, subtotal) VALUES (175, 122, 7, 1, 65000, 65000);
INSERT INTO payment (payment_id, order_id, payment_method, amount_paid) VALUES (118, 122, 'Cash', 58500);
INSERT INTO order_promotion (order_id, promotion_id, amount_discounted) VALUES (122, 1, 6500);
INSERT INTO loyalty_transaction (loyalty_txn_id, customer_id, order_id, points_change, txn_type) VALUES (104, 8, 122, 58, 'earn');
UPDATE customer SET loyalty_points = loyalty_points + 58 WHERE customer_id = 8;
INSERT INTO orders (order_id, location_id, staff_id, customer_id, order_type, order_status, total_amount, order_date) VALUES (123, 1, 6, 11, 'pickup', 'Completed', 49500, '2026-05-15 10:17:37');
INSERT INTO order_item (order_item_id, order_id, item_id, quantity, unit_price, subtotal) VALUES (176, 123, 5, 1, 55000, 55000);
INSERT INTO payment (payment_id, order_id, payment_method, amount_paid) VALUES (119, 123, 'Cash', 49500);
INSERT INTO order_promotion (order_id, promotion_id, amount_discounted) VALUES (123, 1, 5500);
INSERT INTO loyalty_transaction (loyalty_txn_id, customer_id, order_id, points_change, txn_type) VALUES (105, 11, 123, 49, 'earn');
UPDATE customer SET loyalty_points = loyalty_points + 49 WHERE customer_id = 11;
INSERT INTO orders (order_id, location_id, staff_id, customer_id, order_type, order_status, total_amount, order_date) VALUES (124, 1, 1, 12, 'pickup', 'Completed', 148500, '2026-05-15 12:29:37');
INSERT INTO order_item (order_item_id, order_id, item_id, quantity, unit_price, subtotal) VALUES (177, 124, 10, 1, 35000, 35000);
INSERT INTO order_item (order_item_id, order_id, item_id, quantity, unit_price, subtotal) VALUES (178, 124, 7, 2, 65000, 130000);
INSERT INTO payment (payment_id, order_id, payment_method, amount_paid) VALUES (120, 124, 'Cash', 148500);
INSERT INTO order_promotion (order_id, promotion_id, amount_discounted) VALUES (124, 1, 16500);
INSERT INTO loyalty_transaction (loyalty_txn_id, customer_id, order_id, points_change, txn_type) VALUES (106, 12, 124, 148, 'earn');
UPDATE customer SET loyalty_points = loyalty_points + 148 WHERE customer_id = 12;
INSERT INTO orders (order_id, location_id, staff_id, customer_id, order_type, order_status, total_amount, order_date) VALUES (125, 1, 5, NULL, 'takeaway', 'Completed', 56700, '2026-05-15 19:45:05');
INSERT INTO order_item (order_item_id, order_id, item_id, quantity, unit_price, subtotal) VALUES (179, 125, 9, 1, 63000, 63000);
INSERT INTO order_item_modifier (order_item_id, option_id, price_delta_at_sale) VALUES (179, 6, 8000);
INSERT INTO payment (payment_id, order_id, payment_method, amount_paid) VALUES (121, 125, 'Mobile', 56700);
INSERT INTO order_promotion (order_id, promotion_id, amount_discounted) VALUES (125, 1, 6300);
INSERT INTO audit_log (log_id, staff_id, action_type, table_affected, record_id, details) VALUES (26, 5, 'CREATE_ORDER', 'orders', 125, 'Order #125 | Total: 56700đ | Mobile');
INSERT INTO orders (order_id, location_id, staff_id, customer_id, order_type, order_status, total_amount, order_date) VALUES (126, 2, 7, NULL, 'takeaway', 'Completed', 252000, '2026-05-15 08:40:41');
INSERT INTO order_item (order_item_id, order_id, item_id, quantity, unit_price, subtotal) VALUES (180, 126, 4, 1, 75000, 75000);
INSERT INTO order_item_modifier (order_item_id, option_id, price_delta_at_sale) VALUES (180, 14, 10000);
INSERT INTO order_item (order_item_id, order_id, item_id, quantity, unit_price, subtotal) VALUES (181, 126, 9, 1, 65000, 65000);
INSERT INTO order_item_modifier (order_item_id, option_id, price_delta_at_sale) VALUES (181, 14, 10000);
INSERT INTO order_item (order_item_id, order_id, item_id, quantity, unit_price, subtotal) VALUES (182, 126, 8, 2, 70000, 140000);
INSERT INTO order_item_modifier (order_item_id, option_id, price_delta_at_sale) VALUES (182, 14, 10000);
INSERT INTO payment (payment_id, order_id, payment_method, amount_paid) VALUES (122, 126, 'Cash', 252000);
INSERT INTO order_promotion (order_id, promotion_id, amount_discounted) VALUES (126, 1, 28000);
INSERT INTO orders (order_id, location_id, staff_id, customer_id, order_type, order_status, total_amount, order_date) VALUES (127, 2, 7, 10, 'pickup', 'Completed', 148500, '2026-05-15 14:21:52');
INSERT INTO order_item (order_item_id, order_id, item_id, quantity, unit_price, subtotal) VALUES (183, 127, 2, 1, 55000, 55000);
INSERT INTO order_item (order_item_id, order_id, item_id, quantity, unit_price, subtotal) VALUES (184, 127, 6, 2, 55000, 110000);
INSERT INTO payment (payment_id, order_id, payment_method, amount_paid) VALUES (123, 127, 'Cash', 148500);
INSERT INTO order_promotion (order_id, promotion_id, amount_discounted) VALUES (127, 1, 16500);
INSERT INTO loyalty_transaction (loyalty_txn_id, customer_id, order_id, points_change, txn_type) VALUES (107, 10, 127, 148, 'earn');
UPDATE customer SET loyalty_points = loyalty_points + 148 WHERE customer_id = 10;
INSERT INTO orders (order_id, location_id, staff_id, customer_id, order_type, order_status, total_amount, order_date) VALUES (128, 2, 7, NULL, 'pickup', 'Completed', 58500, '2026-05-15 10:49:31');
INSERT INTO order_item (order_item_id, order_id, item_id, quantity, unit_price, subtotal) VALUES (185, 128, 12, 1, 65000, 65000);
INSERT INTO payment (payment_id, order_id, payment_method, amount_paid) VALUES (124, 128, 'Cash', 58500);
INSERT INTO order_promotion (order_id, promotion_id, amount_discounted) VALUES (128, 1, 6500);
INSERT INTO orders (order_id, location_id, staff_id, customer_id, order_type, order_status, total_amount, order_date) VALUES (129, 1, 1, 11, 'takeaway', 'Completed', 75000, '2026-05-16 15:39:51');
INSERT INTO order_item (order_item_id, order_id, item_id, quantity, unit_price, subtotal) VALUES (186, 129, 2, 2, 55000, 110000);
INSERT INTO payment (payment_id, order_id, payment_method, amount_paid) VALUES (125, 129, 'Card', 75000);
INSERT INTO order_promotion (order_id, promotion_id, amount_discounted) VALUES (129, 1, 11000);
INSERT INTO loyalty_transaction (loyalty_txn_id, customer_id, order_id, points_change, txn_type) VALUES (108, 11, 129, 24, 'redeem');
INSERT INTO loyalty_transaction (loyalty_txn_id, customer_id, order_id, points_change, txn_type) VALUES (109, 11, 129, 75, 'earn');
UPDATE customer SET loyalty_points = loyalty_points + 51 WHERE customer_id = 11;
INSERT INTO orders (order_id, location_id, staff_id, customer_id, order_type, order_status, total_amount, order_date) VALUES (130, 1, 2, 15, 'pickup', 'Completed', 216000, '2026-05-16 22:50:30');
INSERT INTO order_item (order_item_id, order_id, item_id, quantity, unit_price, subtotal) VALUES (187, 130, 3, 2, 65000, 130000);
INSERT INTO order_item_modifier (order_item_id, option_id, price_delta_at_sale) VALUES (187, 14, 10000);
INSERT INTO order_item (order_item_id, order_id, item_id, quantity, unit_price, subtotal) VALUES (188, 130, 3, 2, 55000, 110000);
INSERT INTO payment (payment_id, order_id, payment_method, amount_paid) VALUES (126, 130, 'Card', 216000);
INSERT INTO order_promotion (order_id, promotion_id, amount_discounted) VALUES (130, 1, 24000);
INSERT INTO loyalty_transaction (loyalty_txn_id, customer_id, order_id, points_change, txn_type) VALUES (110, 15, 130, 216, 'earn');
UPDATE customer SET loyalty_points = loyalty_points + 216 WHERE customer_id = 15;
INSERT INTO audit_log (log_id, staff_id, action_type, table_affected, record_id, details) VALUES (27, 2, 'CREATE_ORDER', 'orders', 130, 'Order #130 | Total: 216000đ | Card');
INSERT INTO orders (order_id, location_id, staff_id, customer_id, order_type, order_status, total_amount, order_date) VALUES (131, 1, 6, 6, 'takeaway', 'Completed', 58500, '2026-05-16 14:55:23');
INSERT INTO order_item (order_item_id, order_id, item_id, quantity, unit_price, subtotal) VALUES (189, 131, 3, 1, 65000, 65000);
INSERT INTO order_item_modifier (order_item_id, option_id, price_delta_at_sale) VALUES (189, 14, 10000);
INSERT INTO payment (payment_id, order_id, payment_method, amount_paid) VALUES (127, 131, 'Mobile', 58500);
INSERT INTO order_promotion (order_id, promotion_id, amount_discounted) VALUES (131, 1, 6500);
INSERT INTO loyalty_transaction (loyalty_txn_id, customer_id, order_id, points_change, txn_type) VALUES (111, 6, 131, 58, 'earn');
UPDATE customer SET loyalty_points = loyalty_points + 58 WHERE customer_id = 6;
INSERT INTO orders (order_id, location_id, staff_id, customer_id, order_type, order_status, total_amount, order_date) VALUES (132, 1, 2, 9, 'pickup', 'Completed', 58500, '2026-05-16 21:14:52');
INSERT INTO order_item (order_item_id, order_id, item_id, quantity, unit_price, subtotal) VALUES (190, 132, 5, 1, 65000, 65000);
INSERT INTO order_item_modifier (order_item_id, option_id, price_delta_at_sale) VALUES (190, 2, 10000);
INSERT INTO payment (payment_id, order_id, payment_method, amount_paid) VALUES (128, 132, 'Mobile', 58500);
INSERT INTO order_promotion (order_id, promotion_id, amount_discounted) VALUES (132, 1, 6500);
INSERT INTO loyalty_transaction (loyalty_txn_id, customer_id, order_id, points_change, txn_type) VALUES (112, 9, 132, 58, 'earn');
UPDATE customer SET loyalty_points = loyalty_points + 58 WHERE customer_id = 9;
INSERT INTO orders (order_id, location_id, staff_id, customer_id, order_type, order_status, total_amount, order_date) VALUES (133, 1, 5, 8, 'pickup', 'Completed', 21500, '2026-05-16 21:53:45');
INSERT INTO order_item (order_item_id, order_id, item_id, quantity, unit_price, subtotal) VALUES (191, 133, 1, 1, 45000, 45000);
INSERT INTO payment (payment_id, order_id, payment_method, amount_paid) VALUES (129, 133, 'Mobile', 21500);
INSERT INTO order_promotion (order_id, promotion_id, amount_discounted) VALUES (133, 1, 4500);
INSERT INTO loyalty_transaction (loyalty_txn_id, customer_id, order_id, points_change, txn_type) VALUES (113, 8, 133, 19, 'redeem');
INSERT INTO loyalty_transaction (loyalty_txn_id, customer_id, order_id, points_change, txn_type) VALUES (114, 8, 133, 21, 'earn');
UPDATE customer SET loyalty_points = loyalty_points + 2 WHERE customer_id = 8;
INSERT INTO orders (order_id, location_id, staff_id, customer_id, order_type, order_status, total_amount, order_date) VALUES (134, 1, 6, 5, 'pickup', 'Completed', 49500, '2026-05-16 10:53:09');
INSERT INTO order_item (order_item_id, order_id, item_id, quantity, unit_price, subtotal) VALUES (192, 134, 2, 1, 55000, 55000);
INSERT INTO payment (payment_id, order_id, payment_method, amount_paid) VALUES (130, 134, 'Cash', 49500);
INSERT INTO order_promotion (order_id, promotion_id, amount_discounted) VALUES (134, 1, 5500);
INSERT INTO loyalty_transaction (loyalty_txn_id, customer_id, order_id, points_change, txn_type) VALUES (115, 5, 134, 49, 'earn');
UPDATE customer SET loyalty_points = loyalty_points + 49 WHERE customer_id = 5;
INSERT INTO orders (order_id, location_id, staff_id, customer_id, order_type, order_status, total_amount, order_date) VALUES (135, 1, 5, 8, 'pickup', 'Completed', 117000, '2026-05-16 14:04:07');
INSERT INTO order_item (order_item_id, order_id, item_id, quantity, unit_price, subtotal) VALUES (193, 135, 7, 2, 65000, 130000);
INSERT INTO payment (payment_id, order_id, payment_method, amount_paid) VALUES (131, 135, 'Cash', 117000);
INSERT INTO order_promotion (order_id, promotion_id, amount_discounted) VALUES (135, 1, 13000);
INSERT INTO loyalty_transaction (loyalty_txn_id, customer_id, order_id, points_change, txn_type) VALUES (116, 8, 135, 117, 'earn');
UPDATE customer SET loyalty_points = loyalty_points + 117 WHERE customer_id = 8;
INSERT INTO audit_log (log_id, staff_id, action_type, table_affected, record_id, details) VALUES (28, 5, 'CREATE_ORDER', 'orders', 135, 'Order #135 | Total: 117000đ | Cash');
INSERT INTO orders (order_id, location_id, staff_id, customer_id, order_type, order_status, total_amount, order_date) VALUES (136, 1, 2, 5, 'pickup', 'Cancelled', 166500, '2026-05-16 15:05:33');
INSERT INTO order_item (order_item_id, order_id, item_id, quantity, unit_price, subtotal) VALUES (194, 136, 3, 2, 65000, 130000);
INSERT INTO order_item_modifier (order_item_id, option_id, price_delta_at_sale) VALUES (194, 14, 10000);
INSERT INTO order_item (order_item_id, order_id, item_id, quantity, unit_price, subtotal) VALUES (195, 136, 5, 1, 55000, 55000);
INSERT INTO payment (payment_id, order_id, payment_method, amount_paid) VALUES (132, 136, 'Cash', 166500);
INSERT INTO order_promotion (order_id, promotion_id, amount_discounted) VALUES (136, 1, 18500);
INSERT INTO orders (order_id, location_id, staff_id, customer_id, order_type, order_status, total_amount, order_date) VALUES (137, 1, 6, 2, 'pickup', 'Completed', 40500, '2026-05-16 18:22:15');
INSERT INTO order_item (order_item_id, order_id, item_id, quantity, unit_price, subtotal) VALUES (196, 137, 1, 1, 45000, 45000);
INSERT INTO payment (payment_id, order_id, payment_method, amount_paid) VALUES (133, 137, 'Mobile', 40500);
INSERT INTO order_promotion (order_id, promotion_id, amount_discounted) VALUES (137, 1, 4500);
INSERT INTO loyalty_transaction (loyalty_txn_id, customer_id, order_id, points_change, txn_type) VALUES (117, 2, 137, 40, 'earn');
UPDATE customer SET loyalty_points = loyalty_points + 40 WHERE customer_id = 2;
INSERT INTO orders (order_id, location_id, staff_id, customer_id, order_type, order_status, total_amount, order_date) VALUES (138, 2, 7, 5, 'takeaway', 'Completed', 108000, '2026-05-16 19:43:29');
INSERT INTO order_item (order_item_id, order_id, item_id, quantity, unit_price, subtotal) VALUES (197, 138, 7, 2, 65000, 130000);
INSERT INTO payment (payment_id, order_id, payment_method, amount_paid) VALUES (134, 138, 'Cash', 108000);
INSERT INTO order_promotion (order_id, promotion_id, amount_discounted) VALUES (138, 1, 13000);
INSERT INTO loyalty_transaction (loyalty_txn_id, customer_id, order_id, points_change, txn_type) VALUES (118, 5, 138, 9, 'redeem');
INSERT INTO loyalty_transaction (loyalty_txn_id, customer_id, order_id, points_change, txn_type) VALUES (119, 5, 138, 108, 'earn');
UPDATE customer SET loyalty_points = loyalty_points + 99 WHERE customer_id = 5;
INSERT INTO orders (order_id, location_id, staff_id, customer_id, order_type, order_status, total_amount, order_date) VALUES (139, 2, 7, 2, 'pickup', 'Completed', 46200, '2026-05-16 10:25:52');
INSERT INTO order_item (order_item_id, order_id, item_id, quantity, unit_price, subtotal) VALUES (198, 139, 10, 1, 43000, 43000);
INSERT INTO order_item_modifier (order_item_id, option_id, price_delta_at_sale) VALUES (198, 6, 8000);
INSERT INTO order_item (order_item_id, order_id, item_id, quantity, unit_price, subtotal) VALUES (199, 139, 3, 1, 55000, 55000);
INSERT INTO payment (payment_id, order_id, payment_method, amount_paid) VALUES (135, 139, 'Cash', 46200);
INSERT INTO order_promotion (order_id, promotion_id, amount_discounted) VALUES (139, 1, 9800);
INSERT INTO loyalty_transaction (loyalty_txn_id, customer_id, order_id, points_change, txn_type) VALUES (120, 2, 139, 42, 'redeem');
INSERT INTO loyalty_transaction (loyalty_txn_id, customer_id, order_id, points_change, txn_type) VALUES (121, 2, 139, 46, 'earn');
UPDATE customer SET loyalty_points = loyalty_points + 4 WHERE customer_id = 2;
INSERT INTO orders (order_id, location_id, staff_id, customer_id, order_type, order_status, total_amount, order_date) VALUES (140, 2, 3, 12, 'pickup', 'Completed', 94500, '2026-05-16 22:31:44');
INSERT INTO order_item (order_item_id, order_id, item_id, quantity, unit_price, subtotal) VALUES (200, 140, 11, 1, 40000, 40000);
INSERT INTO order_item (order_item_id, order_id, item_id, quantity, unit_price, subtotal) VALUES (201, 140, 4, 1, 65000, 65000);
INSERT INTO payment (payment_id, order_id, payment_method, amount_paid) VALUES (136, 140, 'Mobile', 94500);
INSERT INTO order_promotion (order_id, promotion_id, amount_discounted) VALUES (140, 1, 10500);
INSERT INTO loyalty_transaction (loyalty_txn_id, customer_id, order_id, points_change, txn_type) VALUES (122, 12, 140, 94, 'earn');
UPDATE customer SET loyalty_points = loyalty_points + 94 WHERE customer_id = 12;
INSERT INTO audit_log (log_id, staff_id, action_type, table_affected, record_id, details) VALUES (29, 3, 'CREATE_ORDER', 'orders', 140, 'Order #140 | Total: 94500đ | Mobile');
INSERT INTO orders (order_id, location_id, staff_id, customer_id, order_type, order_status, total_amount, order_date) VALUES (141, 2, 3, 10, 'pickup', 'Completed', 49500, '2026-05-16 12:45:27');
INSERT INTO order_item (order_item_id, order_id, item_id, quantity, unit_price, subtotal) VALUES (202, 141, 3, 1, 55000, 55000);
INSERT INTO payment (payment_id, order_id, payment_method, amount_paid) VALUES (137, 141, 'Cash', 49500);
INSERT INTO order_promotion (order_id, promotion_id, amount_discounted) VALUES (141, 1, 5500);
INSERT INTO loyalty_transaction (loyalty_txn_id, customer_id, order_id, points_change, txn_type) VALUES (123, 10, 141, 49, 'earn');
UPDATE customer SET loyalty_points = loyalty_points + 49 WHERE customer_id = 10;
INSERT INTO orders (order_id, location_id, staff_id, customer_id, order_type, order_status, total_amount, order_date) VALUES (142, 1, 5, 2, 'takeaway', 'Cancelled', 49500, '2026-05-17 17:10:01');
INSERT INTO order_item (order_item_id, order_id, item_id, quantity, unit_price, subtotal) VALUES (203, 142, 6, 1, 55000, 55000);
INSERT INTO payment (payment_id, order_id, payment_method, amount_paid) VALUES (138, 142, 'Card', 49500);
INSERT INTO order_promotion (order_id, promotion_id, amount_discounted) VALUES (142, 1, 5500);
INSERT INTO orders (order_id, location_id, staff_id, customer_id, order_type, order_status, total_amount, order_date) VALUES (143, 1, 1, 8, 'pickup', 'Completed', 153900, '2026-05-17 11:28:48');
INSERT INTO order_item (order_item_id, order_id, item_id, quantity, unit_price, subtotal) VALUES (204, 143, 1, 1, 53000, 53000);
INSERT INTO order_item_modifier (order_item_id, option_id, price_delta_at_sale) VALUES (204, 7, 8000);
INSERT INTO order_item (order_item_id, order_id, item_id, quantity, unit_price, subtotal) VALUES (205, 143, 2, 1, 55000, 55000);
INSERT INTO order_item (order_item_id, order_id, item_id, quantity, unit_price, subtotal) VALUES (206, 143, 5, 1, 63000, 63000);
INSERT INTO order_item_modifier (order_item_id, option_id, price_delta_at_sale) VALUES (206, 6, 8000);
INSERT INTO payment (payment_id, order_id, payment_method, amount_paid) VALUES (139, 143, 'Cash', 153900);
INSERT INTO order_promotion (order_id, promotion_id, amount_discounted) VALUES (143, 1, 17100);
INSERT INTO loyalty_transaction (loyalty_txn_id, customer_id, order_id, points_change, txn_type) VALUES (124, 8, 143, 153, 'earn');
UPDATE customer SET loyalty_points = loyalty_points + 153 WHERE customer_id = 8;
INSERT INTO orders (order_id, location_id, staff_id, customer_id, order_type, order_status, total_amount, order_date) VALUES (144, 1, 1, 9, 'pickup', 'Completed', 58500, '2026-05-17 15:31:12');
INSERT INTO order_item (order_item_id, order_id, item_id, quantity, unit_price, subtotal) VALUES (207, 144, 7, 1, 65000, 65000);
INSERT INTO payment (payment_id, order_id, payment_method, amount_paid) VALUES (140, 144, 'Card', 58500);
INSERT INTO order_promotion (order_id, promotion_id, amount_discounted) VALUES (144, 1, 6500);
INSERT INTO loyalty_transaction (loyalty_txn_id, customer_id, order_id, points_change, txn_type) VALUES (125, 9, 144, 58, 'earn');
UPDATE customer SET loyalty_points = loyalty_points + 58 WHERE customer_id = 9;
INSERT INTO orders (order_id, location_id, staff_id, customer_id, order_type, order_status, total_amount, order_date) VALUES (145, 1, 6, 3, 'pickup', 'Completed', 93200, '2026-05-17 10:10:45');
INSERT INTO order_item (order_item_id, order_id, item_id, quantity, unit_price, subtotal) VALUES (208, 145, 6, 1, 55000, 55000);
INSERT INTO order_item (order_item_id, order_id, item_id, quantity, unit_price, subtotal) VALUES (209, 145, 3, 1, 63000, 63000);
INSERT INTO order_item_modifier (order_item_id, option_id, price_delta_at_sale) VALUES (209, 6, 8000);
INSERT INTO payment (payment_id, order_id, payment_method, amount_paid) VALUES (141, 145, 'Card', 93200);
INSERT INTO order_promotion (order_id, promotion_id, amount_discounted) VALUES (145, 1, 11800);
INSERT INTO loyalty_transaction (loyalty_txn_id, customer_id, order_id, points_change, txn_type) VALUES (126, 3, 145, 13, 'redeem');
INSERT INTO loyalty_transaction (loyalty_txn_id, customer_id, order_id, points_change, txn_type) VALUES (127, 3, 145, 93, 'earn');
UPDATE customer SET loyalty_points = loyalty_points + 80 WHERE customer_id = 3;
INSERT INTO audit_log (log_id, staff_id, action_type, table_affected, record_id, details) VALUES (30, 6, 'CREATE_ORDER', 'orders', 145, 'Order #145 | Total: 93200đ | Card');
INSERT INTO orders (order_id, location_id, staff_id, customer_id, order_type, order_status, total_amount, order_date) VALUES (146, 1, 2, NULL, 'takeaway', 'Completed', 96300, '2026-05-17 08:56:05');
INSERT INTO order_item (order_item_id, order_id, item_id, quantity, unit_price, subtotal) VALUES (210, 146, 5, 1, 67000, 67000);
INSERT INTO order_item_modifier (order_item_id, option_id, price_delta_at_sale) VALUES (210, 12, 12000);
INSERT INTO order_item (order_item_id, order_id, item_id, quantity, unit_price, subtotal) VALUES (211, 146, 13, 1, 40000, 40000);
INSERT INTO payment (payment_id, order_id, payment_method, amount_paid) VALUES (142, 146, 'Cash', 96300);
INSERT INTO order_promotion (order_id, promotion_id, amount_discounted) VALUES (146, 1, 10700);
INSERT INTO orders (order_id, location_id, staff_id, customer_id, order_type, order_status, total_amount, order_date) VALUES (147, 1, 1, 5, 'pickup', 'Completed', 45000, '2026-05-17 10:56:53');
INSERT INTO order_item (order_item_id, order_id, item_id, quantity, unit_price, subtotal) VALUES (212, 147, 8, 1, 60000, 60000);
INSERT INTO payment (payment_id, order_id, payment_method, amount_paid) VALUES (143, 147, 'Card', 45000);
INSERT INTO order_promotion (order_id, promotion_id, amount_discounted) VALUES (147, 1, 6000);
INSERT INTO loyalty_transaction (loyalty_txn_id, customer_id, order_id, points_change, txn_type) VALUES (128, 5, 147, 9, 'redeem');
INSERT INTO loyalty_transaction (loyalty_txn_id, customer_id, order_id, points_change, txn_type) VALUES (129, 5, 147, 45, 'earn');
UPDATE customer SET loyalty_points = loyalty_points + 36 WHERE customer_id = 5;
INSERT INTO orders (order_id, location_id, staff_id, customer_id, order_type, order_status, total_amount, order_date) VALUES (148, 1, 1, 4, 'takeaway', 'Completed', 65700, '2026-05-17 09:33:57');
INSERT INTO order_item (order_item_id, order_id, item_id, quantity, unit_price, subtotal) VALUES (213, 148, 12, 1, 73000, 73000);
INSERT INTO order_item_modifier (order_item_id, option_id, price_delta_at_sale) VALUES (213, 6, 8000);
INSERT INTO payment (payment_id, order_id, payment_method, amount_paid) VALUES (144, 148, 'Cash', 65700);
INSERT INTO order_promotion (order_id, promotion_id, amount_discounted) VALUES (148, 1, 7300);
INSERT INTO loyalty_transaction (loyalty_txn_id, customer_id, order_id, points_change, txn_type) VALUES (130, 4, 148, 65, 'earn');
UPDATE customer SET loyalty_points = loyalty_points + 65 WHERE customer_id = 4;
INSERT INTO orders (order_id, location_id, staff_id, customer_id, order_type, order_status, total_amount, order_date) VALUES (149, 1, 2, 10, 'takeaway', 'Completed', 58500, '2026-05-17 09:42:39');
INSERT INTO order_item (order_item_id, order_id, item_id, quantity, unit_price, subtotal) VALUES (214, 149, 12, 1, 65000, 65000);
INSERT INTO payment (payment_id, order_id, payment_method, amount_paid) VALUES (145, 149, 'Card', 58500);
INSERT INTO order_promotion (order_id, promotion_id, amount_discounted) VALUES (149, 1, 6500);
INSERT INTO loyalty_transaction (loyalty_txn_id, customer_id, order_id, points_change, txn_type) VALUES (131, 10, 149, 58, 'earn');
UPDATE customer SET loyalty_points = loyalty_points + 58 WHERE customer_id = 10;
INSERT INTO orders (order_id, location_id, staff_id, customer_id, order_type, order_status, total_amount, order_date) VALUES (150, 1, 1, 3, 'takeaway', 'Completed', 99000, '2026-05-17 13:39:40');
INSERT INTO order_item (order_item_id, order_id, item_id, quantity, unit_price, subtotal) VALUES (215, 150, 3, 1, 55000, 55000);
INSERT INTO order_item (order_item_id, order_id, item_id, quantity, unit_price, subtotal) VALUES (216, 150, 3, 1, 55000, 55000);
INSERT INTO payment (payment_id, order_id, payment_method, amount_paid) VALUES (146, 150, 'Mobile', 99000);
INSERT INTO order_promotion (order_id, promotion_id, amount_discounted) VALUES (150, 1, 11000);
INSERT INTO loyalty_transaction (loyalty_txn_id, customer_id, order_id, points_change, txn_type) VALUES (132, 3, 150, 99, 'earn');
UPDATE customer SET loyalty_points = loyalty_points + 99 WHERE customer_id = 3;
INSERT INTO audit_log (log_id, staff_id, action_type, table_affected, record_id, details) VALUES (31, 1, 'CREATE_ORDER', 'orders', 150, 'Order #150 | Total: 99000đ | Mobile');
INSERT INTO orders (order_id, location_id, staff_id, customer_id, order_type, order_status, total_amount, order_date) VALUES (151, 2, 7, 10, 'pickup', 'Completed', 56700, '2026-05-17 12:13:21');
INSERT INTO order_item (order_item_id, order_id, item_id, quantity, unit_price, subtotal) VALUES (217, 151, 5, 1, 63000, 63000);
INSERT INTO order_item_modifier (order_item_id, option_id, price_delta_at_sale) VALUES (217, 7, 8000);
INSERT INTO payment (payment_id, order_id, payment_method, amount_paid) VALUES (147, 151, 'Cash', 56700);
INSERT INTO order_promotion (order_id, promotion_id, amount_discounted) VALUES (151, 1, 6300);
INSERT INTO loyalty_transaction (loyalty_txn_id, customer_id, order_id, points_change, txn_type) VALUES (133, 10, 151, 56, 'earn');
UPDATE customer SET loyalty_points = loyalty_points + 56 WHERE customer_id = 10;
INSERT INTO orders (order_id, location_id, staff_id, customer_id, order_type, order_status, total_amount, order_date) VALUES (152, 2, 7, 5, 'pickup', 'Completed', 60300, '2026-05-17 08:28:15');
INSERT INTO order_item (order_item_id, order_id, item_id, quantity, unit_price, subtotal) VALUES (218, 152, 3, 1, 67000, 67000);
INSERT INTO order_item_modifier (order_item_id, option_id, price_delta_at_sale) VALUES (218, 12, 12000);
INSERT INTO payment (payment_id, order_id, payment_method, amount_paid) VALUES (148, 152, 'Card', 60300);
INSERT INTO order_promotion (order_id, promotion_id, amount_discounted) VALUES (152, 1, 6700);
INSERT INTO loyalty_transaction (loyalty_txn_id, customer_id, order_id, points_change, txn_type) VALUES (134, 5, 152, 60, 'earn');
UPDATE customer SET loyalty_points = loyalty_points + 60 WHERE customer_id = 5;
INSERT INTO orders (order_id, location_id, staff_id, customer_id, order_type, order_status, total_amount, order_date) VALUES (153, 2, 3, 11, 'pickup', 'Completed', 46800, '2026-05-17 12:56:19');
INSERT INTO order_item (order_item_id, order_id, item_id, quantity, unit_price, subtotal) VALUES (219, 153, 13, 1, 52000, 52000);
INSERT INTO order_item_modifier (order_item_id, option_id, price_delta_at_sale) VALUES (219, 12, 12000);
INSERT INTO payment (payment_id, order_id, payment_method, amount_paid) VALUES (149, 153, 'Cash', 46800);
INSERT INTO order_promotion (order_id, promotion_id, amount_discounted) VALUES (153, 1, 5200);
INSERT INTO loyalty_transaction (loyalty_txn_id, customer_id, order_id, points_change, txn_type) VALUES (135, 11, 153, 46, 'earn');
UPDATE customer SET loyalty_points = loyalty_points + 46 WHERE customer_id = 11;
INSERT INTO orders (order_id, location_id, staff_id, customer_id, order_type, order_status, total_amount, order_date) VALUES (154, 2, 3, 12, 'takeaway', 'Completed', 31500, '2026-05-17 14:30:18');
INSERT INTO order_item (order_item_id, order_id, item_id, quantity, unit_price, subtotal) VALUES (220, 154, 10, 1, 35000, 35000);
INSERT INTO payment (payment_id, order_id, payment_method, amount_paid) VALUES (150, 154, 'Cash', 31500);
INSERT INTO order_promotion (order_id, promotion_id, amount_discounted) VALUES (154, 1, 3500);
INSERT INTO loyalty_transaction (loyalty_txn_id, customer_id, order_id, points_change, txn_type) VALUES (136, 12, 154, 31, 'earn');
UPDATE customer SET loyalty_points = loyalty_points + 31 WHERE customer_id = 12;
INSERT INTO orders (order_id, location_id, staff_id, customer_id, order_type, order_status, total_amount, order_date) VALUES (155, 2, 7, 13, 'pickup', 'Completed', 49500, '2026-05-17 11:18:04');
INSERT INTO order_item (order_item_id, order_id, item_id, quantity, unit_price, subtotal) VALUES (221, 155, 6, 1, 55000, 55000);
INSERT INTO payment (payment_id, order_id, payment_method, amount_paid) VALUES (151, 155, 'Cash', 49500);
INSERT INTO order_promotion (order_id, promotion_id, amount_discounted) VALUES (155, 1, 5500);
INSERT INTO loyalty_transaction (loyalty_txn_id, customer_id, order_id, points_change, txn_type) VALUES (137, 13, 155, 49, 'earn');
UPDATE customer SET loyalty_points = loyalty_points + 49 WHERE customer_id = 13;
INSERT INTO audit_log (log_id, staff_id, action_type, table_affected, record_id, details) VALUES (32, 7, 'CREATE_ORDER', 'orders', 155, 'Order #155 | Total: 49500đ | Cash');
INSERT INTO orders (order_id, location_id, staff_id, customer_id, order_type, order_status, total_amount, order_date) VALUES (156, 2, 3, 5, 'takeaway', 'Completed', 124200, '2026-05-17 17:12:38');
INSERT INTO order_item (order_item_id, order_id, item_id, quantity, unit_price, subtotal) VALUES (222, 156, 4, 1, 65000, 65000);
INSERT INTO order_item (order_item_id, order_id, item_id, quantity, unit_price, subtotal) VALUES (223, 156, 12, 1, 73000, 73000);
INSERT INTO order_item_modifier (order_item_id, option_id, price_delta_at_sale) VALUES (223, 7, 8000);
INSERT INTO payment (payment_id, order_id, payment_method, amount_paid) VALUES (152, 156, 'Cash', 124200);
INSERT INTO order_promotion (order_id, promotion_id, amount_discounted) VALUES (156, 1, 13800);
INSERT INTO loyalty_transaction (loyalty_txn_id, customer_id, order_id, points_change, txn_type) VALUES (138, 5, 156, 124, 'earn');
UPDATE customer SET loyalty_points = loyalty_points + 124 WHERE customer_id = 5;
INSERT INTO orders (order_id, location_id, staff_id, customer_id, order_type, order_status, total_amount, order_date) VALUES (157, 2, 3, NULL, 'takeaway', 'Completed', 85500, '2026-05-17 16:19:37');
INSERT INTO order_item (order_item_id, order_id, item_id, quantity, unit_price, subtotal) VALUES (224, 157, 2, 1, 55000, 55000);
INSERT INTO order_item (order_item_id, order_id, item_id, quantity, unit_price, subtotal) VALUES (225, 157, 13, 1, 40000, 40000);
INSERT INTO payment (payment_id, order_id, payment_method, amount_paid) VALUES (153, 157, 'Cash', 85500);
INSERT INTO order_promotion (order_id, promotion_id, amount_discounted) VALUES (157, 1, 9500);
INSERT INTO orders (order_id, location_id, staff_id, customer_id, order_type, order_status, total_amount, order_date) VALUES (158, 1, 5, 4, 'pickup', 'Completed', 162000, '2026-05-18 07:30:16');
INSERT INTO order_item (order_item_id, order_id, item_id, quantity, unit_price, subtotal) VALUES (226, 158, 8, 2, 60000, 120000);
INSERT INTO order_item (order_item_id, order_id, item_id, quantity, unit_price, subtotal) VALUES (227, 158, 8, 1, 60000, 60000);
INSERT INTO payment (payment_id, order_id, payment_method, amount_paid) VALUES (154, 158, 'Card', 162000);
INSERT INTO order_promotion (order_id, promotion_id, amount_discounted) VALUES (158, 1, 18000);
INSERT INTO loyalty_transaction (loyalty_txn_id, customer_id, order_id, points_change, txn_type) VALUES (139, 4, 158, 162, 'earn');
UPDATE customer SET loyalty_points = loyalty_points + 162 WHERE customer_id = 4;
INSERT INTO orders (order_id, location_id, staff_id, customer_id, order_type, order_status, total_amount, order_date) VALUES (159, 1, 2, NULL, 'pickup', 'Completed', 106200, '2026-05-18 08:01:28');
INSERT INTO order_item (order_item_id, order_id, item_id, quantity, unit_price, subtotal) VALUES (228, 159, 1, 1, 53000, 53000);
INSERT INTO order_item_modifier (order_item_id, option_id, price_delta_at_sale) VALUES (228, 6, 8000);
INSERT INTO order_item (order_item_id, order_id, item_id, quantity, unit_price, subtotal) VALUES (229, 159, 12, 1, 65000, 65000);
INSERT INTO payment (payment_id, order_id, payment_method, amount_paid) VALUES (155, 159, 'Cash', 106200);
INSERT INTO order_promotion (order_id, promotion_id, amount_discounted) VALUES (159, 1, 11800);
INSERT INTO orders (order_id, location_id, staff_id, customer_id, order_type, order_status, total_amount, order_date) VALUES (160, 1, 1, 5, 'takeaway', 'Completed', 289100, '2026-05-18 12:34:21');
INSERT INTO order_item (order_item_id, order_id, item_id, quantity, unit_price, subtotal) VALUES (230, 160, 5, 1, 55000, 55000);
INSERT INTO order_item (order_item_id, order_id, item_id, quantity, unit_price, subtotal) VALUES (231, 160, 4, 2, 65000, 130000);
INSERT INTO order_item (order_item_id, order_id, item_id, quantity, unit_price, subtotal) VALUES (232, 160, 12, 2, 77000, 154000);
INSERT INTO order_item_modifier (order_item_id, option_id, price_delta_at_sale) VALUES (232, 12, 12000);
INSERT INTO payment (payment_id, order_id, payment_method, amount_paid) VALUES (156, 160, 'Card', 289100);
INSERT INTO order_promotion (order_id, promotion_id, amount_discounted) VALUES (160, 1, 33900);
INSERT INTO loyalty_transaction (loyalty_txn_id, customer_id, order_id, points_change, txn_type) VALUES (140, 5, 160, 16, 'redeem');
INSERT INTO loyalty_transaction (loyalty_txn_id, customer_id, order_id, points_change, txn_type) VALUES (141, 5, 160, 289, 'earn');
UPDATE customer SET loyalty_points = loyalty_points + 273 WHERE customer_id = 5;
INSERT INTO audit_log (log_id, staff_id, action_type, table_affected, record_id, details) VALUES (33, 1, 'CREATE_ORDER', 'orders', 160, 'Order #160 | Total: 289100đ | Card');
INSERT INTO orders (order_id, location_id, staff_id, customer_id, order_type, order_status, total_amount, order_date) VALUES (161, 1, 5, 8, 'pickup', 'Completed', 157500, '2026-05-18 12:35:59');
INSERT INTO order_item (order_item_id, order_id, item_id, quantity, unit_price, subtotal) VALUES (233, 161, 8, 2, 60000, 120000);
INSERT INTO order_item (order_item_id, order_id, item_id, quantity, unit_price, subtotal) VALUES (234, 161, 6, 1, 55000, 55000);
INSERT INTO payment (payment_id, order_id, payment_method, amount_paid) VALUES (157, 161, 'Card', 157500);
INSERT INTO order_promotion (order_id, promotion_id, amount_discounted) VALUES (161, 1, 17500);
INSERT INTO loyalty_transaction (loyalty_txn_id, customer_id, order_id, points_change, txn_type) VALUES (142, 8, 161, 157, 'earn');
UPDATE customer SET loyalty_points = loyalty_points + 157 WHERE customer_id = 8;
INSERT INTO orders (order_id, location_id, staff_id, customer_id, order_type, order_status, total_amount, order_date) VALUES (162, 1, 6, 12, 'takeaway', 'Completed', 19000, '2026-05-18 10:28:41');
INSERT INTO order_item (order_item_id, order_id, item_id, quantity, unit_price, subtotal) VALUES (235, 162, 8, 1, 60000, 60000);
INSERT INTO payment (payment_id, order_id, payment_method, amount_paid) VALUES (158, 162, 'Cash', 19000);
INSERT INTO order_promotion (order_id, promotion_id, amount_discounted) VALUES (162, 1, 6000);
INSERT INTO loyalty_transaction (loyalty_txn_id, customer_id, order_id, points_change, txn_type) VALUES (143, 12, 162, 35, 'redeem');
INSERT INTO loyalty_transaction (loyalty_txn_id, customer_id, order_id, points_change, txn_type) VALUES (144, 12, 162, 19, 'earn');
UPDATE customer SET loyalty_points = loyalty_points + -16 WHERE customer_id = 12;
INSERT INTO orders (order_id, location_id, staff_id, customer_id, order_type, order_status, total_amount, order_date) VALUES (163, 2, 7, 5, 'takeaway', 'Completed', 74700, '2026-05-18 12:40:14');
INSERT INTO order_item (order_item_id, order_id, item_id, quantity, unit_price, subtotal) VALUES (236, 163, 3, 1, 55000, 55000);
INSERT INTO order_item (order_item_id, order_id, item_id, quantity, unit_price, subtotal) VALUES (237, 163, 8, 1, 68000, 68000);
INSERT INTO order_item_modifier (order_item_id, option_id, price_delta_at_sale) VALUES (237, 6, 8000);
INSERT INTO payment (payment_id, order_id, payment_method, amount_paid) VALUES (159, 163, 'Card', 74700);
INSERT INTO order_promotion (order_id, promotion_id, amount_discounted) VALUES (163, 1, 12300);
INSERT INTO loyalty_transaction (loyalty_txn_id, customer_id, order_id, points_change, txn_type) VALUES (145, 5, 163, 36, 'redeem');
INSERT INTO loyalty_transaction (loyalty_txn_id, customer_id, order_id, points_change, txn_type) VALUES (146, 5, 163, 74, 'earn');
UPDATE customer SET loyalty_points = loyalty_points + 38 WHERE customer_id = 5;
INSERT INTO orders (order_id, location_id, staff_id, customer_id, order_type, order_status, total_amount, order_date) VALUES (164, 2, 3, 14, 'pickup', 'Completed', 87000, '2026-05-18 10:41:03');
INSERT INTO order_item (order_item_id, order_id, item_id, quantity, unit_price, subtotal) VALUES (238, 164, 12, 2, 75000, 150000);
INSERT INTO order_item_modifier (order_item_id, option_id, price_delta_at_sale) VALUES (238, 14, 10000);
INSERT INTO payment (payment_id, order_id, payment_method, amount_paid) VALUES (160, 164, 'Cash', 87000);
INSERT INTO order_promotion (order_id, promotion_id, amount_discounted) VALUES (164, 1, 15000);
INSERT INTO loyalty_transaction (loyalty_txn_id, customer_id, order_id, points_change, txn_type) VALUES (147, 14, 164, 48, 'redeem');
INSERT INTO loyalty_transaction (loyalty_txn_id, customer_id, order_id, points_change, txn_type) VALUES (148, 14, 164, 87, 'earn');
UPDATE customer SET loyalty_points = loyalty_points + 39 WHERE customer_id = 14;
INSERT INTO orders (order_id, location_id, staff_id, customer_id, order_type, order_status, total_amount, order_date) VALUES (165, 2, 3, 6, 'pickup', 'Completed', 36000, '2026-05-18 23:25:50');
INSERT INTO order_item (order_item_id, order_id, item_id, quantity, unit_price, subtotal) VALUES (239, 165, 11, 1, 40000, 40000);
INSERT INTO payment (payment_id, order_id, payment_method, amount_paid) VALUES (161, 165, 'Mobile', 36000);
INSERT INTO order_promotion (order_id, promotion_id, amount_discounted) VALUES (165, 1, 4000);
INSERT INTO loyalty_transaction (loyalty_txn_id, customer_id, order_id, points_change, txn_type) VALUES (149, 6, 165, 36, 'earn');
UPDATE customer SET loyalty_points = loyalty_points + 36 WHERE customer_id = 6;
INSERT INTO audit_log (log_id, staff_id, action_type, table_affected, record_id, details) VALUES (34, 3, 'CREATE_ORDER', 'orders', 165, 'Order #165 | Total: 36000đ | Mobile');
INSERT INTO orders (order_id, location_id, staff_id, customer_id, order_type, order_status, total_amount, order_date) VALUES (166, 2, 3, 1, 'pickup', 'Completed', 3000, '2026-05-18 10:41:34');
INSERT INTO order_item (order_item_id, order_id, item_id, quantity, unit_price, subtotal) VALUES (240, 166, 13, 1, 40000, 40000);
INSERT INTO payment (payment_id, order_id, payment_method, amount_paid) VALUES (162, 166, 'Card', 3000);
INSERT INTO order_promotion (order_id, promotion_id, amount_discounted) VALUES (166, 1, 4000);
INSERT INTO loyalty_transaction (loyalty_txn_id, customer_id, order_id, points_change, txn_type) VALUES (150, 1, 166, 33, 'redeem');
INSERT INTO loyalty_transaction (loyalty_txn_id, customer_id, order_id, points_change, txn_type) VALUES (151, 1, 166, 3, 'earn');
UPDATE customer SET loyalty_points = loyalty_points + -30 WHERE customer_id = 1;
INSERT INTO orders (order_id, location_id, staff_id, customer_id, order_type, order_status, total_amount, order_date) VALUES (167, 1, 5, 6, 'pickup', 'Completed', 99000, '2026-05-19 10:43:48');
INSERT INTO order_item (order_item_id, order_id, item_id, quantity, unit_price, subtotal) VALUES (241, 167, 1, 1, 45000, 45000);
INSERT INTO order_item (order_item_id, order_id, item_id, quantity, unit_price, subtotal) VALUES (242, 167, 4, 1, 65000, 65000);
INSERT INTO payment (payment_id, order_id, payment_method, amount_paid) VALUES (163, 167, 'Card', 99000);
INSERT INTO order_promotion (order_id, promotion_id, amount_discounted) VALUES (167, 1, 11000);
INSERT INTO loyalty_transaction (loyalty_txn_id, customer_id, order_id, points_change, txn_type) VALUES (152, 6, 167, 99, 'earn');
UPDATE customer SET loyalty_points = loyalty_points + 99 WHERE customer_id = 6;
INSERT INTO orders (order_id, location_id, staff_id, customer_id, order_type, order_status, total_amount, order_date) VALUES (168, 1, 6, 4, 'takeaway', 'Completed', 65700, '2026-05-19 06:24:15');
INSERT INTO order_item (order_item_id, order_id, item_id, quantity, unit_price, subtotal) VALUES (243, 168, 12, 1, 73000, 73000);
INSERT INTO order_item_modifier (order_item_id, option_id, price_delta_at_sale) VALUES (243, 7, 8000);
INSERT INTO payment (payment_id, order_id, payment_method, amount_paid) VALUES (164, 168, 'Mobile', 65700);
INSERT INTO order_promotion (order_id, promotion_id, amount_discounted) VALUES (168, 1, 7300);
INSERT INTO loyalty_transaction (loyalty_txn_id, customer_id, order_id, points_change, txn_type) VALUES (153, 4, 168, 65, 'earn');
UPDATE customer SET loyalty_points = loyalty_points + 65 WHERE customer_id = 4;
INSERT INTO orders (order_id, location_id, staff_id, customer_id, order_type, order_status, total_amount, order_date) VALUES (169, 1, 1, 9, 'pickup', 'Completed', 49500, '2026-05-19 10:25:43');
INSERT INTO order_item (order_item_id, order_id, item_id, quantity, unit_price, subtotal) VALUES (244, 169, 2, 1, 55000, 55000);
INSERT INTO payment (payment_id, order_id, payment_method, amount_paid) VALUES (165, 169, 'Card', 49500);
INSERT INTO order_promotion (order_id, promotion_id, amount_discounted) VALUES (169, 1, 5500);
INSERT INTO loyalty_transaction (loyalty_txn_id, customer_id, order_id, points_change, txn_type) VALUES (154, 9, 169, 49, 'earn');
UPDATE customer SET loyalty_points = loyalty_points + 49 WHERE customer_id = 9;
INSERT INTO orders (order_id, location_id, staff_id, customer_id, order_type, order_status, total_amount, order_date) VALUES (170, 1, 1, 10, 'pickup', 'Completed', 49500, '2026-05-19 09:47:38');
INSERT INTO order_item (order_item_id, order_id, item_id, quantity, unit_price, subtotal) VALUES (245, 170, 2, 1, 55000, 55000);
INSERT INTO payment (payment_id, order_id, payment_method, amount_paid) VALUES (166, 170, 'Card', 49500);
INSERT INTO order_promotion (order_id, promotion_id, amount_discounted) VALUES (170, 1, 5500);
INSERT INTO loyalty_transaction (loyalty_txn_id, customer_id, order_id, points_change, txn_type) VALUES (155, 10, 170, 49, 'earn');
UPDATE customer SET loyalty_points = loyalty_points + 49 WHERE customer_id = 10;
INSERT INTO audit_log (log_id, staff_id, action_type, table_affected, record_id, details) VALUES (35, 1, 'CREATE_ORDER', 'orders', 170, 'Order #170 | Total: 49500đ | Card');
INSERT INTO orders (order_id, location_id, staff_id, customer_id, order_type, order_status, total_amount, order_date) VALUES (171, 1, 2, 8, 'takeaway', 'Completed', 82000, '2026-05-19 20:07:03');
INSERT INTO order_item (order_item_id, order_id, item_id, quantity, unit_price, subtotal) VALUES (246, 171, 4, 2, 65000, 130000);
INSERT INTO payment (payment_id, order_id, payment_method, amount_paid) VALUES (167, 171, 'Card', 82000);
INSERT INTO order_promotion (order_id, promotion_id, amount_discounted) VALUES (171, 1, 13000);
INSERT INTO loyalty_transaction (loyalty_txn_id, customer_id, order_id, points_change, txn_type) VALUES (156, 8, 171, 35, 'redeem');
INSERT INTO loyalty_transaction (loyalty_txn_id, customer_id, order_id, points_change, txn_type) VALUES (157, 8, 171, 82, 'earn');
UPDATE customer SET loyalty_points = loyalty_points + 47 WHERE customer_id = 8;
INSERT INTO orders (order_id, location_id, staff_id, customer_id, order_type, order_status, total_amount, order_date) VALUES (172, 1, 5, NULL, 'pickup', 'Completed', 99000, '2026-05-19 08:32:28');
INSERT INTO order_item (order_item_id, order_id, item_id, quantity, unit_price, subtotal) VALUES (247, 172, 6, 2, 55000, 110000);
INSERT INTO payment (payment_id, order_id, payment_method, amount_paid) VALUES (168, 172, 'Cash', 99000);
INSERT INTO order_promotion (order_id, promotion_id, amount_discounted) VALUES (172, 1, 11000);
INSERT INTO orders (order_id, location_id, staff_id, customer_id, order_type, order_status, total_amount, order_date) VALUES (173, 2, 7, 2, 'pickup', 'Completed', 51300, '2026-05-19 09:00:47');
INSERT INTO order_item (order_item_id, order_id, item_id, quantity, unit_price, subtotal) VALUES (248, 173, 1, 1, 57000, 57000);
INSERT INTO order_item_modifier (order_item_id, option_id, price_delta_at_sale) VALUES (248, 12, 12000);
INSERT INTO payment (payment_id, order_id, payment_method, amount_paid) VALUES (169, 173, 'Card', 51300);
INSERT INTO order_promotion (order_id, promotion_id, amount_discounted) VALUES (173, 1, 5700);
INSERT INTO loyalty_transaction (loyalty_txn_id, customer_id, order_id, points_change, txn_type) VALUES (158, 2, 173, 51, 'earn');
UPDATE customer SET loyalty_points = loyalty_points + 51 WHERE customer_id = 2;
INSERT INTO orders (order_id, location_id, staff_id, customer_id, order_type, order_status, total_amount, order_date) VALUES (174, 2, 3, 3, 'pickup', 'Completed', 120600, '2026-05-19 17:46:41');
INSERT INTO order_item (order_item_id, order_id, item_id, quantity, unit_price, subtotal) VALUES (249, 174, 9, 2, 67000, 134000);
INSERT INTO order_item_modifier (order_item_id, option_id, price_delta_at_sale) VALUES (249, 12, 12000);
INSERT INTO payment (payment_id, order_id, payment_method, amount_paid) VALUES (170, 174, 'Cash', 120600);
INSERT INTO order_promotion (order_id, promotion_id, amount_discounted) VALUES (174, 1, 13400);
INSERT INTO loyalty_transaction (loyalty_txn_id, customer_id, order_id, points_change, txn_type) VALUES (159, 3, 174, 120, 'earn');
UPDATE customer SET loyalty_points = loyalty_points + 120 WHERE customer_id = 3;
INSERT INTO orders (order_id, location_id, staff_id, customer_id, order_type, order_status, total_amount, order_date) VALUES (175, 1, 1, 5, 'pickup', 'Completed', 213300, '2026-05-20 19:48:01');
INSERT INTO order_item (order_item_id, order_id, item_id, quantity, unit_price, subtotal) VALUES (250, 175, 4, 2, 65000, 130000);
INSERT INTO order_item (order_item_id, order_id, item_id, quantity, unit_price, subtotal) VALUES (251, 175, 2, 1, 55000, 55000);
INSERT INTO order_item (order_item_id, order_id, item_id, quantity, unit_price, subtotal) VALUES (252, 175, 13, 1, 52000, 52000);
INSERT INTO order_item_modifier (order_item_id, option_id, price_delta_at_sale) VALUES (252, 12, 12000);
INSERT INTO payment (payment_id, order_id, payment_method, amount_paid) VALUES (171, 175, 'Cash', 213300);
INSERT INTO order_promotion (order_id, promotion_id, amount_discounted) VALUES (175, 1, 23700);
INSERT INTO loyalty_transaction (loyalty_txn_id, customer_id, order_id, points_change, txn_type) VALUES (160, 5, 175, 213, 'earn');
UPDATE customer SET loyalty_points = loyalty_points + 213 WHERE customer_id = 5;
INSERT INTO audit_log (log_id, staff_id, action_type, table_affected, record_id, details) VALUES (36, 1, 'CREATE_ORDER', 'orders', 175, 'Order #175 | Total: 213300đ | Cash');
INSERT INTO orders (order_id, location_id, staff_id, customer_id, order_type, order_status, total_amount, order_date) VALUES (176, 1, 1, 2, 'pickup', 'Completed', 135800, '2026-05-20 13:28:38');
INSERT INTO order_item (order_item_id, order_id, item_id, quantity, unit_price, subtotal) VALUES (253, 176, 11, 1, 40000, 40000);
INSERT INTO order_item (order_item_id, order_id, item_id, quantity, unit_price, subtotal) VALUES (254, 176, 3, 1, 67000, 67000);
INSERT INTO order_item_modifier (order_item_id, option_id, price_delta_at_sale) VALUES (254, 12, 12000);
INSERT INTO order_item (order_item_id, order_id, item_id, quantity, unit_price, subtotal) VALUES (255, 176, 2, 1, 65000, 65000);
INSERT INTO order_item_modifier (order_item_id, option_id, price_delta_at_sale) VALUES (255, 2, 10000);
INSERT INTO payment (payment_id, order_id, payment_method, amount_paid) VALUES (172, 176, 'Card', 135800);
INSERT INTO order_promotion (order_id, promotion_id, amount_discounted) VALUES (176, 1, 17200);
INSERT INTO loyalty_transaction (loyalty_txn_id, customer_id, order_id, points_change, txn_type) VALUES (161, 2, 176, 19, 'redeem');
INSERT INTO loyalty_transaction (loyalty_txn_id, customer_id, order_id, points_change, txn_type) VALUES (162, 2, 176, 135, 'earn');
UPDATE customer SET loyalty_points = loyalty_points + 116 WHERE customer_id = 2;
INSERT INTO orders (order_id, location_id, staff_id, customer_id, order_type, order_status, total_amount, order_date) VALUES (177, 1, 5, 11, 'takeaway', 'Completed', 58500, '2026-05-20 09:19:17');
INSERT INTO order_item (order_item_id, order_id, item_id, quantity, unit_price, subtotal) VALUES (256, 177, 7, 1, 65000, 65000);
INSERT INTO payment (payment_id, order_id, payment_method, amount_paid) VALUES (173, 177, 'Cash', 58500);
INSERT INTO order_promotion (order_id, promotion_id, amount_discounted) VALUES (177, 1, 6500);
INSERT INTO loyalty_transaction (loyalty_txn_id, customer_id, order_id, points_change, txn_type) VALUES (163, 11, 177, 58, 'earn');
UPDATE customer SET loyalty_points = loyalty_points + 58 WHERE customer_id = 11;
INSERT INTO orders (order_id, location_id, staff_id, customer_id, order_type, order_status, total_amount, order_date) VALUES (178, 1, 6, NULL, 'takeaway', 'Completed', 153000, '2026-05-20 11:09:19');
INSERT INTO order_item (order_item_id, order_id, item_id, quantity, unit_price, subtotal) VALUES (257, 178, 8, 1, 60000, 60000);
INSERT INTO order_item (order_item_id, order_id, item_id, quantity, unit_price, subtotal) VALUES (258, 178, 9, 1, 55000, 55000);
INSERT INTO order_item (order_item_id, order_id, item_id, quantity, unit_price, subtotal) VALUES (259, 178, 3, 1, 55000, 55000);
INSERT INTO payment (payment_id, order_id, payment_method, amount_paid) VALUES (174, 178, 'Mobile', 153000);
INSERT INTO order_promotion (order_id, promotion_id, amount_discounted) VALUES (178, 1, 17000);
INSERT INTO orders (order_id, location_id, staff_id, customer_id, order_type, order_status, total_amount, order_date) VALUES (179, 1, 1, 14, 'pickup', 'Completed', 52000, '2026-05-20 09:41:05');
INSERT INTO order_item (order_item_id, order_id, item_id, quantity, unit_price, subtotal) VALUES (260, 179, 3, 2, 55000, 110000);
INSERT INTO payment (payment_id, order_id, payment_method, amount_paid) VALUES (175, 179, 'Card', 52000);
INSERT INTO order_promotion (order_id, promotion_id, amount_discounted) VALUES (179, 1, 11000);
INSERT INTO loyalty_transaction (loyalty_txn_id, customer_id, order_id, points_change, txn_type) VALUES (164, 14, 179, 47, 'redeem');
INSERT INTO loyalty_transaction (loyalty_txn_id, customer_id, order_id, points_change, txn_type) VALUES (165, 14, 179, 52, 'earn');
UPDATE customer SET loyalty_points = loyalty_points + 5 WHERE customer_id = 14;
INSERT INTO orders (order_id, location_id, staff_id, customer_id, order_type, order_status, total_amount, order_date) VALUES (180, 1, 1, 9, 'pickup', 'Completed', 135500, '2026-05-20 17:46:42');
INSERT INTO order_item (order_item_id, order_id, item_id, quantity, unit_price, subtotal) VALUES (261, 180, 10, 1, 35000, 35000);
INSERT INTO order_item (order_item_id, order_id, item_id, quantity, unit_price, subtotal) VALUES (262, 180, 2, 2, 65000, 130000);
INSERT INTO order_item_modifier (order_item_id, option_id, price_delta_at_sale) VALUES (262, 2, 10000);
INSERT INTO payment (payment_id, order_id, payment_method, amount_paid) VALUES (176, 180, 'Card', 135500);
INSERT INTO order_promotion (order_id, promotion_id, amount_discounted) VALUES (180, 1, 16500);
INSERT INTO loyalty_transaction (loyalty_txn_id, customer_id, order_id, points_change, txn_type) VALUES (166, 9, 180, 13, 'redeem');
INSERT INTO loyalty_transaction (loyalty_txn_id, customer_id, order_id, points_change, txn_type) VALUES (167, 9, 180, 135, 'earn');
UPDATE customer SET loyalty_points = loyalty_points + 122 WHERE customer_id = 9;
INSERT INTO audit_log (log_id, staff_id, action_type, table_affected, record_id, details) VALUES (37, 1, 'CREATE_ORDER', 'orders', 180, 'Order #180 | Total: 135500đ | Card');
INSERT INTO orders (order_id, location_id, staff_id, customer_id, order_type, order_status, total_amount, order_date) VALUES (181, 1, 1, NULL, 'takeaway', 'Completed', 118800, '2026-05-20 10:18:24');
INSERT INTO order_item (order_item_id, order_id, item_id, quantity, unit_price, subtotal) VALUES (263, 181, 4, 1, 65000, 65000);
INSERT INTO order_item (order_item_id, order_id, item_id, quantity, unit_price, subtotal) VALUES (264, 181, 3, 1, 67000, 67000);
INSERT INTO order_item_modifier (order_item_id, option_id, price_delta_at_sale) VALUES (264, 12, 12000);
INSERT INTO payment (payment_id, order_id, payment_method, amount_paid) VALUES (177, 181, 'Card', 118800);
INSERT INTO order_promotion (order_id, promotion_id, amount_discounted) VALUES (181, 1, 13200);
INSERT INTO orders (order_id, location_id, staff_id, customer_id, order_type, order_status, total_amount, order_date) VALUES (182, 1, 6, 11, 'takeaway', 'Completed', 49500, '2026-05-20 09:09:01');
INSERT INTO order_item (order_item_id, order_id, item_id, quantity, unit_price, subtotal) VALUES (265, 182, 6, 1, 55000, 55000);
INSERT INTO payment (payment_id, order_id, payment_method, amount_paid) VALUES (178, 182, 'Cash', 49500);
INSERT INTO order_promotion (order_id, promotion_id, amount_discounted) VALUES (182, 1, 5500);
INSERT INTO loyalty_transaction (loyalty_txn_id, customer_id, order_id, points_change, txn_type) VALUES (168, 11, 182, 49, 'earn');
UPDATE customer SET loyalty_points = loyalty_points + 49 WHERE customer_id = 11;
INSERT INTO orders (order_id, location_id, staff_id, customer_id, order_type, order_status, total_amount, order_date) VALUES (183, 2, 3, 7, 'pickup', 'Completed', 99000, '2026-05-20 21:21:16');
INSERT INTO order_item (order_item_id, order_id, item_id, quantity, unit_price, subtotal) VALUES (266, 183, 3, 1, 55000, 55000);
INSERT INTO order_item (order_item_id, order_id, item_id, quantity, unit_price, subtotal) VALUES (267, 183, 6, 1, 55000, 55000);
INSERT INTO payment (payment_id, order_id, payment_method, amount_paid) VALUES (179, 183, 'Cash', 99000);
INSERT INTO order_promotion (order_id, promotion_id, amount_discounted) VALUES (183, 1, 11000);
INSERT INTO loyalty_transaction (loyalty_txn_id, customer_id, order_id, points_change, txn_type) VALUES (169, 7, 183, 99, 'earn');
UPDATE customer SET loyalty_points = loyalty_points + 99 WHERE customer_id = 7;
INSERT INTO orders (order_id, location_id, staff_id, customer_id, order_type, order_status, total_amount, order_date) VALUES (184, 2, 7, 6, 'takeaway', 'Completed', 32000, '2026-05-20 13:41:03');
INSERT INTO order_item (order_item_id, order_id, item_id, quantity, unit_price, subtotal) VALUES (268, 184, 11, 1, 40000, 40000);
INSERT INTO payment (payment_id, order_id, payment_method, amount_paid) VALUES (180, 184, 'Card', 32000);
INSERT INTO order_promotion (order_id, promotion_id, amount_discounted) VALUES (184, 1, 4000);
INSERT INTO loyalty_transaction (loyalty_txn_id, customer_id, order_id, points_change, txn_type) VALUES (170, 6, 184, 4, 'redeem');
INSERT INTO loyalty_transaction (loyalty_txn_id, customer_id, order_id, points_change, txn_type) VALUES (171, 6, 184, 32, 'earn');
UPDATE customer SET loyalty_points = loyalty_points + 28 WHERE customer_id = 6;
INSERT INTO orders (order_id, location_id, staff_id, customer_id, order_type, order_status, total_amount, order_date) VALUES (185, 2, 7, 5, 'takeaway', 'Completed', 49500, '2026-05-20 12:03:39');
INSERT INTO order_item (order_item_id, order_id, item_id, quantity, unit_price, subtotal) VALUES (269, 185, 3, 1, 55000, 55000);
INSERT INTO payment (payment_id, order_id, payment_method, amount_paid) VALUES (181, 185, 'Cash', 49500);
INSERT INTO order_promotion (order_id, promotion_id, amount_discounted) VALUES (185, 1, 5500);
INSERT INTO loyalty_transaction (loyalty_txn_id, customer_id, order_id, points_change, txn_type) VALUES (172, 5, 185, 49, 'earn');
UPDATE customer SET loyalty_points = loyalty_points + 49 WHERE customer_id = 5;
INSERT INTO audit_log (log_id, staff_id, action_type, table_affected, record_id, details) VALUES (38, 7, 'CREATE_ORDER', 'orders', 185, 'Order #185 | Total: 49500đ | Cash');
INSERT INTO orders (order_id, location_id, staff_id, customer_id, order_type, order_status, total_amount, order_date) VALUES (186, 2, 3, 1, 'pickup', 'Completed', 99000, '2026-05-20 22:01:32');
INSERT INTO order_item (order_item_id, order_id, item_id, quantity, unit_price, subtotal) VALUES (270, 186, 3, 2, 55000, 110000);
INSERT INTO payment (payment_id, order_id, payment_method, amount_paid) VALUES (182, 186, 'Cash', 99000);
INSERT INTO order_promotion (order_id, promotion_id, amount_discounted) VALUES (186, 1, 11000);
INSERT INTO loyalty_transaction (loyalty_txn_id, customer_id, order_id, points_change, txn_type) VALUES (173, 1, 186, 99, 'earn');
UPDATE customer SET loyalty_points = loyalty_points + 99 WHERE customer_id = 1;
INSERT INTO orders (order_id, location_id, staff_id, customer_id, order_type, order_status, total_amount, order_date) VALUES (187, 2, 3, 4, 'takeaway', 'Completed', 157500, '2026-05-20 18:05:23');
INSERT INTO order_item (order_item_id, order_id, item_id, quantity, unit_price, subtotal) VALUES (271, 187, 3, 2, 55000, 110000);
INSERT INTO order_item (order_item_id, order_id, item_id, quantity, unit_price, subtotal) VALUES (272, 187, 4, 1, 65000, 65000);
INSERT INTO payment (payment_id, order_id, payment_method, amount_paid) VALUES (183, 187, 'Cash', 157500);
INSERT INTO order_promotion (order_id, promotion_id, amount_discounted) VALUES (187, 1, 17500);
INSERT INTO loyalty_transaction (loyalty_txn_id, customer_id, order_id, points_change, txn_type) VALUES (174, 4, 187, 157, 'earn');
UPDATE customer SET loyalty_points = loyalty_points + 157 WHERE customer_id = 4;
INSERT INTO orders (order_id, location_id, staff_id, customer_id, order_type, order_status, total_amount, order_date) VALUES (188, 1, 1, 13, 'pickup', 'Completed', 117000, '2026-05-21 15:05:31');
INSERT INTO order_item (order_item_id, order_id, item_id, quantity, unit_price, subtotal) VALUES (273, 188, 7, 2, 65000, 130000);
INSERT INTO payment (payment_id, order_id, payment_method, amount_paid) VALUES (184, 188, 'Cash', 117000);
INSERT INTO order_promotion (order_id, promotion_id, amount_discounted) VALUES (188, 1, 13000);
INSERT INTO loyalty_transaction (loyalty_txn_id, customer_id, order_id, points_change, txn_type) VALUES (175, 13, 188, 117, 'earn');
UPDATE customer SET loyalty_points = loyalty_points + 117 WHERE customer_id = 13;
INSERT INTO orders (order_id, location_id, staff_id, customer_id, order_type, order_status, total_amount, order_date) VALUES (189, 1, 1, NULL, 'takeaway', 'Completed', 167400, '2026-05-21 20:43:59');
INSERT INTO order_item (order_item_id, order_id, item_id, quantity, unit_price, subtotal) VALUES (274, 189, 8, 1, 60000, 60000);
INSERT INTO order_item (order_item_id, order_id, item_id, quantity, unit_price, subtotal) VALUES (275, 189, 6, 1, 63000, 63000);
INSERT INTO order_item_modifier (order_item_id, option_id, price_delta_at_sale) VALUES (275, 7, 8000);
INSERT INTO order_item (order_item_id, order_id, item_id, quantity, unit_price, subtotal) VALUES (276, 189, 3, 1, 63000, 63000);
INSERT INTO order_item_modifier (order_item_id, option_id, price_delta_at_sale) VALUES (276, 6, 8000);
INSERT INTO payment (payment_id, order_id, payment_method, amount_paid) VALUES (185, 189, 'Cash', 167400);
INSERT INTO order_promotion (order_id, promotion_id, amount_discounted) VALUES (189, 1, 18600);
INSERT INTO orders (order_id, location_id, staff_id, customer_id, order_type, order_status, total_amount, order_date) VALUES (190, 1, 6, 3, 'pickup', 'Completed', 8500, '2026-05-21 11:57:34');
INSERT INTO order_item (order_item_id, order_id, item_id, quantity, unit_price, subtotal) VALUES (277, 190, 10, 1, 35000, 35000);
INSERT INTO payment (payment_id, order_id, payment_method, amount_paid) VALUES (186, 190, 'Cash', 8500);
INSERT INTO order_promotion (order_id, promotion_id, amount_discounted) VALUES (190, 1, 3500);
INSERT INTO loyalty_transaction (loyalty_txn_id, customer_id, order_id, points_change, txn_type) VALUES (176, 3, 190, 23, 'redeem');
INSERT INTO loyalty_transaction (loyalty_txn_id, customer_id, order_id, points_change, txn_type) VALUES (177, 3, 190, 8, 'earn');
UPDATE customer SET loyalty_points = loyalty_points + -15 WHERE customer_id = 3;
INSERT INTO audit_log (log_id, staff_id, action_type, table_affected, record_id, details) VALUES (39, 6, 'CREATE_ORDER', 'orders', 190, 'Order #190 | Total: 8500đ | Cash');
INSERT INTO orders (order_id, location_id, staff_id, customer_id, order_type, order_status, total_amount, order_date) VALUES (191, 1, 5, 2, 'takeaway', 'Completed', 72000, '2026-05-21 21:25:49');
INSERT INTO order_item (order_item_id, order_id, item_id, quantity, unit_price, subtotal) VALUES (278, 191, 4, 1, 65000, 65000);
INSERT INTO order_item (order_item_id, order_id, item_id, quantity, unit_price, subtotal) VALUES (279, 191, 9, 1, 55000, 55000);
INSERT INTO payment (payment_id, order_id, payment_method, amount_paid) VALUES (187, 191, 'Cash', 72000);
INSERT INTO order_promotion (order_id, promotion_id, amount_discounted) VALUES (191, 1, 12000);
INSERT INTO loyalty_transaction (loyalty_txn_id, customer_id, order_id, points_change, txn_type) VALUES (178, 2, 191, 36, 'redeem');
INSERT INTO loyalty_transaction (loyalty_txn_id, customer_id, order_id, points_change, txn_type) VALUES (179, 2, 191, 72, 'earn');
UPDATE customer SET loyalty_points = loyalty_points + 36 WHERE customer_id = 2;
INSERT INTO orders (order_id, location_id, staff_id, customer_id, order_type, order_status, total_amount, order_date) VALUES (192, 1, 6, 6, 'pickup', 'Completed', 92500, '2026-05-21 08:09:24');
INSERT INTO order_item (order_item_id, order_id, item_id, quantity, unit_price, subtotal) VALUES (280, 192, 9, 1, 55000, 55000);
INSERT INTO order_item (order_item_id, order_id, item_id, quantity, unit_price, subtotal) VALUES (281, 192, 8, 1, 70000, 70000);
INSERT INTO order_item_modifier (order_item_id, option_id, price_delta_at_sale) VALUES (281, 2, 10000);
INSERT INTO payment (payment_id, order_id, payment_method, amount_paid) VALUES (188, 192, 'Cash', 92500);
INSERT INTO order_promotion (order_id, promotion_id, amount_discounted) VALUES (192, 1, 12500);
INSERT INTO loyalty_transaction (loyalty_txn_id, customer_id, order_id, points_change, txn_type) VALUES (180, 6, 192, 20, 'redeem');
INSERT INTO loyalty_transaction (loyalty_txn_id, customer_id, order_id, points_change, txn_type) VALUES (181, 6, 192, 92, 'earn');
UPDATE customer SET loyalty_points = loyalty_points + 72 WHERE customer_id = 6;
INSERT INTO orders (order_id, location_id, staff_id, customer_id, order_type, order_status, total_amount, order_date) VALUES (193, 2, 7, 4, 'takeaway', 'Completed', 49500, '2026-05-21 12:06:01');
INSERT INTO order_item (order_item_id, order_id, item_id, quantity, unit_price, subtotal) VALUES (282, 193, 6, 1, 55000, 55000);
INSERT INTO payment (payment_id, order_id, payment_method, amount_paid) VALUES (189, 193, 'Cash', 49500);
INSERT INTO order_promotion (order_id, promotion_id, amount_discounted) VALUES (193, 1, 5500);
INSERT INTO loyalty_transaction (loyalty_txn_id, customer_id, order_id, points_change, txn_type) VALUES (182, 4, 193, 49, 'earn');
UPDATE customer SET loyalty_points = loyalty_points + 49 WHERE customer_id = 4;
INSERT INTO orders (order_id, location_id, staff_id, customer_id, order_type, order_status, total_amount, order_date) VALUES (194, 2, 7, 1, 'pickup', 'Completed', 110700, '2026-05-21 23:15:36');
INSERT INTO order_item (order_item_id, order_id, item_id, quantity, unit_price, subtotal) VALUES (283, 194, 8, 1, 60000, 60000);
INSERT INTO order_item (order_item_id, order_id, item_id, quantity, unit_price, subtotal) VALUES (284, 194, 6, 1, 63000, 63000);
INSERT INTO order_item_modifier (order_item_id, option_id, price_delta_at_sale) VALUES (284, 7, 8000);
INSERT INTO payment (payment_id, order_id, payment_method, amount_paid) VALUES (190, 194, 'Cash', 110700);
INSERT INTO order_promotion (order_id, promotion_id, amount_discounted) VALUES (194, 1, 12300);
INSERT INTO loyalty_transaction (loyalty_txn_id, customer_id, order_id, points_change, txn_type) VALUES (183, 1, 194, 110, 'earn');
UPDATE customer SET loyalty_points = loyalty_points + 110 WHERE customer_id = 1;
INSERT INTO orders (order_id, location_id, staff_id, customer_id, order_type, order_status, total_amount, order_date) VALUES (195, 1, 6, 10, 'pickup', 'Completed', 57500, '2026-05-22 16:31:38');
INSERT INTO order_item (order_item_id, order_id, item_id, quantity, unit_price, subtotal) VALUES (285, 195, 12, 1, 65000, 65000);
INSERT INTO payment (payment_id, order_id, payment_method, amount_paid) VALUES (191, 195, 'Card', 57500);
INSERT INTO order_promotion (order_id, promotion_id, amount_discounted) VALUES (195, 1, 6500);
INSERT INTO loyalty_transaction (loyalty_txn_id, customer_id, order_id, points_change, txn_type) VALUES (184, 10, 195, 1, 'redeem');
INSERT INTO loyalty_transaction (loyalty_txn_id, customer_id, order_id, points_change, txn_type) VALUES (185, 10, 195, 57, 'earn');
UPDATE customer SET loyalty_points = loyalty_points + 56 WHERE customer_id = 10;
INSERT INTO audit_log (log_id, staff_id, action_type, table_affected, record_id, details) VALUES (40, 6, 'CREATE_ORDER', 'orders', 195, 'Order #195 | Total: 57500đ | Card');
INSERT INTO orders (order_id, location_id, staff_id, customer_id, order_type, order_status, total_amount, order_date) VALUES (196, 1, 5, 13, 'pickup', 'Completed', 49500, '2026-05-22 14:38:08');
INSERT INTO order_item (order_item_id, order_id, item_id, quantity, unit_price, subtotal) VALUES (286, 196, 9, 1, 55000, 55000);
INSERT INTO payment (payment_id, order_id, payment_method, amount_paid) VALUES (192, 196, 'Cash', 49500);
INSERT INTO order_promotion (order_id, promotion_id, amount_discounted) VALUES (196, 1, 5500);
INSERT INTO loyalty_transaction (loyalty_txn_id, customer_id, order_id, points_change, txn_type) VALUES (186, 13, 196, 49, 'earn');
UPDATE customer SET loyalty_points = loyalty_points + 49 WHERE customer_id = 13;
INSERT INTO orders (order_id, location_id, staff_id, customer_id, order_type, order_status, total_amount, order_date) VALUES (197, 1, 2, 13, 'pickup', 'Completed', 184000, '2026-05-22 09:24:17');
INSERT INTO order_item (order_item_id, order_id, item_id, quantity, unit_price, subtotal) VALUES (287, 197, 6, 2, 65000, 130000);
INSERT INTO order_item_modifier (order_item_id, option_id, price_delta_at_sale) VALUES (287, 2, 10000);
INSERT INTO order_item (order_item_id, order_id, item_id, quantity, unit_price, subtotal) VALUES (288, 197, 6, 2, 65000, 130000);
INSERT INTO order_item_modifier (order_item_id, option_id, price_delta_at_sale) VALUES (288, 14, 10000);
INSERT INTO payment (payment_id, order_id, payment_method, amount_paid) VALUES (193, 197, 'Cash', 184000);
INSERT INTO order_promotion (order_id, promotion_id, amount_discounted) VALUES (197, 1, 26000);
INSERT INTO loyalty_transaction (loyalty_txn_id, customer_id, order_id, points_change, txn_type) VALUES (187, 13, 197, 50, 'redeem');
INSERT INTO loyalty_transaction (loyalty_txn_id, customer_id, order_id, points_change, txn_type) VALUES (188, 13, 197, 184, 'earn');
UPDATE customer SET loyalty_points = loyalty_points + 134 WHERE customer_id = 13;
INSERT INTO orders (order_id, location_id, staff_id, customer_id, order_type, order_status, total_amount, order_date) VALUES (198, 1, 6, 7, 'pickup', 'Completed', 88200, '2026-05-22 18:43:31');
INSERT INTO order_item (order_item_id, order_id, item_id, quantity, unit_price, subtotal) VALUES (289, 198, 2, 1, 63000, 63000);
INSERT INTO order_item_modifier (order_item_id, option_id, price_delta_at_sale) VALUES (289, 7, 8000);
INSERT INTO order_item (order_item_id, order_id, item_id, quantity, unit_price, subtotal) VALUES (290, 198, 10, 1, 35000, 35000);
INSERT INTO payment (payment_id, order_id, payment_method, amount_paid) VALUES (194, 198, 'Card', 88200);
INSERT INTO order_promotion (order_id, promotion_id, amount_discounted) VALUES (198, 1, 9800);
INSERT INTO loyalty_transaction (loyalty_txn_id, customer_id, order_id, points_change, txn_type) VALUES (189, 7, 198, 88, 'earn');
UPDATE customer SET loyalty_points = loyalty_points + 88 WHERE customer_id = 7;
INSERT INTO orders (order_id, location_id, staff_id, customer_id, order_type, order_status, total_amount, order_date) VALUES (199, 1, 6, 13, 'pickup', 'Completed', 61500, '2026-05-22 13:40:58');
INSERT INTO order_item (order_item_id, order_id, item_id, quantity, unit_price, subtotal) VALUES (291, 199, 4, 1, 65000, 65000);
INSERT INTO order_item (order_item_id, order_id, item_id, quantity, unit_price, subtotal) VALUES (292, 199, 11, 1, 50000, 50000);
INSERT INTO order_item_modifier (order_item_id, option_id, price_delta_at_sale) VALUES (292, 14, 10000);
INSERT INTO payment (payment_id, order_id, payment_method, amount_paid) VALUES (195, 199, 'Card', 61500);
INSERT INTO order_promotion (order_id, promotion_id, amount_discounted) VALUES (199, 1, 11500);
INSERT INTO loyalty_transaction (loyalty_txn_id, customer_id, order_id, points_change, txn_type) VALUES (190, 13, 199, 42, 'redeem');
INSERT INTO loyalty_transaction (loyalty_txn_id, customer_id, order_id, points_change, txn_type) VALUES (191, 13, 199, 61, 'earn');
UPDATE customer SET loyalty_points = loyalty_points + 19 WHERE customer_id = 13;
INSERT INTO orders (order_id, location_id, staff_id, customer_id, order_type, order_status, total_amount, order_date) VALUES (200, 1, 6, 11, 'pickup', 'Completed', 56700, '2026-05-22 17:35:37');
INSERT INTO order_item (order_item_id, order_id, item_id, quantity, unit_price, subtotal) VALUES (293, 200, 3, 1, 63000, 63000);
INSERT INTO order_item_modifier (order_item_id, option_id, price_delta_at_sale) VALUES (293, 7, 8000);
INSERT INTO payment (payment_id, order_id, payment_method, amount_paid) VALUES (196, 200, 'Cash', 56700);
INSERT INTO order_promotion (order_id, promotion_id, amount_discounted) VALUES (200, 1, 6300);
INSERT INTO loyalty_transaction (loyalty_txn_id, customer_id, order_id, points_change, txn_type) VALUES (192, 11, 200, 56, 'earn');
UPDATE customer SET loyalty_points = loyalty_points + 56 WHERE customer_id = 11;
INSERT INTO audit_log (log_id, staff_id, action_type, table_affected, record_id, details) VALUES (41, 6, 'CREATE_ORDER', 'orders', 200, 'Order #200 | Total: 56700đ | Cash');
INSERT INTO orders (order_id, location_id, staff_id, customer_id, order_type, order_status, total_amount, order_date) VALUES (201, 1, 2, 12, 'takeaway', 'Completed', 46800, '2026-05-22 08:53:46');
INSERT INTO order_item (order_item_id, order_id, item_id, quantity, unit_price, subtotal) VALUES (294, 201, 11, 1, 52000, 52000);
INSERT INTO order_item_modifier (order_item_id, option_id, price_delta_at_sale) VALUES (294, 12, 12000);
INSERT INTO payment (payment_id, order_id, payment_method, amount_paid) VALUES (197, 201, 'Cash', 46800);
INSERT INTO order_promotion (order_id, promotion_id, amount_discounted) VALUES (201, 1, 5200);
INSERT INTO loyalty_transaction (loyalty_txn_id, customer_id, order_id, points_change, txn_type) VALUES (193, 12, 201, 46, 'earn');
UPDATE customer SET loyalty_points = loyalty_points + 46 WHERE customer_id = 12;
INSERT INTO orders (order_id, location_id, staff_id, customer_id, order_type, order_status, total_amount, order_date) VALUES (202, 1, 5, NULL, 'takeaway', 'Completed', 155700, '2026-05-22 18:07:01');
INSERT INTO order_item (order_item_id, order_id, item_id, quantity, unit_price, subtotal) VALUES (295, 202, 3, 2, 55000, 110000);
INSERT INTO order_item (order_item_id, order_id, item_id, quantity, unit_price, subtotal) VALUES (296, 202, 3, 1, 63000, 63000);
INSERT INTO order_item_modifier (order_item_id, option_id, price_delta_at_sale) VALUES (296, 6, 8000);
INSERT INTO payment (payment_id, order_id, payment_method, amount_paid) VALUES (198, 202, 'Cash', 155700);
INSERT INTO order_promotion (order_id, promotion_id, amount_discounted) VALUES (202, 1, 17300);
INSERT INTO orders (order_id, location_id, staff_id, customer_id, order_type, order_status, total_amount, order_date) VALUES (203, 2, 3, 11, 'pickup', 'Completed', 67500, '2026-05-22 09:40:42');
INSERT INTO order_item (order_item_id, order_id, item_id, quantity, unit_price, subtotal) VALUES (297, 203, 4, 1, 75000, 75000);
INSERT INTO order_item_modifier (order_item_id, option_id, price_delta_at_sale) VALUES (297, 14, 10000);
INSERT INTO payment (payment_id, order_id, payment_method, amount_paid) VALUES (199, 203, 'Mobile', 67500);
INSERT INTO order_promotion (order_id, promotion_id, amount_discounted) VALUES (203, 1, 7500);
INSERT INTO loyalty_transaction (loyalty_txn_id, customer_id, order_id, points_change, txn_type) VALUES (194, 11, 203, 67, 'earn');
UPDATE customer SET loyalty_points = loyalty_points + 67 WHERE customer_id = 11;
INSERT INTO orders (order_id, location_id, staff_id, customer_id, order_type, order_status, total_amount, order_date) VALUES (204, 2, 7, 13, 'takeaway', 'Completed', 33000, '2026-05-22 18:04:36');
INSERT INTO order_item (order_item_id, order_id, item_id, quantity, unit_price, subtotal) VALUES (298, 204, 8, 1, 60000, 60000);
INSERT INTO payment (payment_id, order_id, payment_method, amount_paid) VALUES (200, 204, 'Card', 33000);
INSERT INTO order_promotion (order_id, promotion_id, amount_discounted) VALUES (204, 1, 6000);
INSERT INTO loyalty_transaction (loyalty_txn_id, customer_id, order_id, points_change, txn_type) VALUES (195, 13, 204, 21, 'redeem');
INSERT INTO loyalty_transaction (loyalty_txn_id, customer_id, order_id, points_change, txn_type) VALUES (196, 13, 204, 33, 'earn');
UPDATE customer SET loyalty_points = loyalty_points + 12 WHERE customer_id = 13;
INSERT INTO orders (order_id, location_id, staff_id, customer_id, order_type, order_status, total_amount, order_date) VALUES (205, 2, 3, 9, 'pickup', 'Completed', 216000, '2026-05-22 13:22:22');
INSERT INTO order_item (order_item_id, order_id, item_id, quantity, unit_price, subtotal) VALUES (299, 205, 6, 2, 55000, 110000);
INSERT INTO order_item (order_item_id, order_id, item_id, quantity, unit_price, subtotal) VALUES (300, 205, 7, 2, 65000, 130000);
INSERT INTO payment (payment_id, order_id, payment_method, amount_paid) VALUES (201, 205, 'Card', 216000);
INSERT INTO order_promotion (order_id, promotion_id, amount_discounted) VALUES (205, 1, 24000);
INSERT INTO loyalty_transaction (loyalty_txn_id, customer_id, order_id, points_change, txn_type) VALUES (197, 9, 205, 216, 'earn');
UPDATE customer SET loyalty_points = loyalty_points + 216 WHERE customer_id = 9;
INSERT INTO audit_log (log_id, staff_id, action_type, table_affected, record_id, details) VALUES (42, 3, 'CREATE_ORDER', 'orders', 205, 'Order #205 | Total: 216000đ | Card');
INSERT INTO orders (order_id, location_id, staff_id, customer_id, order_type, order_status, total_amount, order_date) VALUES (206, 2, 3, 5, 'pickup', 'Completed', 60300, '2026-05-22 15:32:24');
INSERT INTO order_item (order_item_id, order_id, item_id, quantity, unit_price, subtotal) VALUES (301, 206, 2, 1, 67000, 67000);
INSERT INTO order_item_modifier (order_item_id, option_id, price_delta_at_sale) VALUES (301, 12, 12000);
INSERT INTO payment (payment_id, order_id, payment_method, amount_paid) VALUES (202, 206, 'Cash', 60300);
INSERT INTO order_promotion (order_id, promotion_id, amount_discounted) VALUES (206, 1, 6700);
INSERT INTO loyalty_transaction (loyalty_txn_id, customer_id, order_id, points_change, txn_type) VALUES (198, 5, 206, 60, 'earn');
UPDATE customer SET loyalty_points = loyalty_points + 60 WHERE customer_id = 5;
INSERT INTO orders (order_id, location_id, staff_id, customer_id, order_type, order_status, total_amount, order_date) VALUES (207, 1, 2, NULL, 'pickup', 'Completed', 60300, '2026-05-23 08:22:00');
INSERT INTO order_item (order_item_id, order_id, item_id, quantity, unit_price, subtotal) VALUES (302, 207, 5, 1, 67000, 67000);
INSERT INTO order_item_modifier (order_item_id, option_id, price_delta_at_sale) VALUES (302, 12, 12000);
INSERT INTO payment (payment_id, order_id, payment_method, amount_paid) VALUES (203, 207, 'Cash', 60300);
INSERT INTO order_promotion (order_id, promotion_id, amount_discounted) VALUES (207, 1, 6700);
INSERT INTO orders (order_id, location_id, staff_id, customer_id, order_type, order_status, total_amount, order_date) VALUES (208, 1, 6, 14, 'pickup', 'Completed', 108000, '2026-05-23 07:48:14');
INSERT INTO order_item (order_item_id, order_id, item_id, quantity, unit_price, subtotal) VALUES (303, 208, 5, 1, 65000, 65000);
INSERT INTO order_item_modifier (order_item_id, option_id, price_delta_at_sale) VALUES (303, 14, 10000);
INSERT INTO order_item (order_item_id, order_id, item_id, quantity, unit_price, subtotal) VALUES (304, 208, 2, 1, 55000, 55000);
INSERT INTO payment (payment_id, order_id, payment_method, amount_paid) VALUES (204, 208, 'Cash', 108000);
INSERT INTO order_promotion (order_id, promotion_id, amount_discounted) VALUES (208, 1, 12000);
INSERT INTO loyalty_transaction (loyalty_txn_id, customer_id, order_id, points_change, txn_type) VALUES (199, 14, 208, 108, 'earn');
UPDATE customer SET loyalty_points = loyalty_points + 108 WHERE customer_id = 14;
INSERT INTO orders (order_id, location_id, staff_id, customer_id, order_type, order_status, total_amount, order_date) VALUES (209, 1, 6, NULL, 'takeaway', 'Completed', 49500, '2026-05-23 23:34:52');
INSERT INTO order_item (order_item_id, order_id, item_id, quantity, unit_price, subtotal) VALUES (305, 209, 6, 1, 55000, 55000);
INSERT INTO payment (payment_id, order_id, payment_method, amount_paid) VALUES (205, 209, 'Card', 49500);
INSERT INTO order_promotion (order_id, promotion_id, amount_discounted) VALUES (209, 1, 5500);
INSERT INTO orders (order_id, location_id, staff_id, customer_id, order_type, order_status, total_amount, order_date) VALUES (210, 1, 2, 14, 'takeaway', 'Completed', 157500, '2026-05-23 07:16:22');
INSERT INTO order_item (order_item_id, order_id, item_id, quantity, unit_price, subtotal) VALUES (306, 210, 3, 2, 65000, 130000);
INSERT INTO order_item_modifier (order_item_id, option_id, price_delta_at_sale) VALUES (306, 2, 10000);
INSERT INTO order_item (order_item_id, order_id, item_id, quantity, unit_price, subtotal) VALUES (307, 210, 10, 1, 45000, 45000);
INSERT INTO order_item_modifier (order_item_id, option_id, price_delta_at_sale) VALUES (307, 14, 10000);
INSERT INTO payment (payment_id, order_id, payment_method, amount_paid) VALUES (206, 210, 'Card', 157500);
INSERT INTO order_promotion (order_id, promotion_id, amount_discounted) VALUES (210, 1, 17500);
INSERT INTO loyalty_transaction (loyalty_txn_id, customer_id, order_id, points_change, txn_type) VALUES (200, 14, 210, 157, 'earn');
UPDATE customer SET loyalty_points = loyalty_points + 157 WHERE customer_id = 14;
INSERT INTO audit_log (log_id, staff_id, action_type, table_affected, record_id, details) VALUES (43, 2, 'CREATE_ORDER', 'orders', 210, 'Order #210 | Total: 157500đ | Card');
INSERT INTO orders (order_id, location_id, staff_id, customer_id, order_type, order_status, total_amount, order_date) VALUES (211, 1, 6, 6, 'takeaway', 'Completed', 99000, '2026-05-23 12:38:34');
INSERT INTO order_item (order_item_id, order_id, item_id, quantity, unit_price, subtotal) VALUES (308, 211, 9, 1, 55000, 55000);
INSERT INTO order_item (order_item_id, order_id, item_id, quantity, unit_price, subtotal) VALUES (309, 211, 6, 1, 55000, 55000);
INSERT INTO payment (payment_id, order_id, payment_method, amount_paid) VALUES (207, 211, 'Card', 99000);
INSERT INTO order_promotion (order_id, promotion_id, amount_discounted) VALUES (211, 1, 11000);
INSERT INTO loyalty_transaction (loyalty_txn_id, customer_id, order_id, points_change, txn_type) VALUES (201, 6, 211, 99, 'earn');
UPDATE customer SET loyalty_points = loyalty_points + 99 WHERE customer_id = 6;
INSERT INTO orders (order_id, location_id, staff_id, customer_id, order_type, order_status, total_amount, order_date) VALUES (212, 1, 1, 5, 'pickup', 'Completed', 154800, '2026-05-23 09:45:20');
INSERT INTO order_item (order_item_id, order_id, item_id, quantity, unit_price, subtotal) VALUES (310, 212, 10, 2, 35000, 70000);
INSERT INTO order_item (order_item_id, order_id, item_id, quantity, unit_price, subtotal) VALUES (311, 212, 2, 1, 55000, 55000);
INSERT INTO order_item (order_item_id, order_id, item_id, quantity, unit_price, subtotal) VALUES (312, 212, 10, 1, 47000, 47000);
INSERT INTO order_item_modifier (order_item_id, option_id, price_delta_at_sale) VALUES (312, 12, 12000);
INSERT INTO payment (payment_id, order_id, payment_method, amount_paid) VALUES (208, 212, 'Mobile', 154800);
INSERT INTO order_promotion (order_id, promotion_id, amount_discounted) VALUES (212, 1, 17200);
INSERT INTO loyalty_transaction (loyalty_txn_id, customer_id, order_id, points_change, txn_type) VALUES (202, 5, 212, 154, 'earn');
UPDATE customer SET loyalty_points = loyalty_points + 154 WHERE customer_id = 5;
INSERT INTO orders (order_id, location_id, staff_id, customer_id, order_type, order_status, total_amount, order_date) VALUES (213, 1, 1, 13, 'pickup', 'Completed', 170100, '2026-05-23 13:55:49');
INSERT INTO order_item (order_item_id, order_id, item_id, quantity, unit_price, subtotal) VALUES (313, 213, 5, 2, 67000, 134000);
INSERT INTO order_item_modifier (order_item_id, option_id, price_delta_at_sale) VALUES (313, 12, 12000);
INSERT INTO order_item (order_item_id, order_id, item_id, quantity, unit_price, subtotal) VALUES (314, 213, 5, 1, 55000, 55000);
INSERT INTO payment (payment_id, order_id, payment_method, amount_paid) VALUES (209, 213, 'Card', 170100);
INSERT INTO order_promotion (order_id, promotion_id, amount_discounted) VALUES (213, 1, 18900);
INSERT INTO loyalty_transaction (loyalty_txn_id, customer_id, order_id, points_change, txn_type) VALUES (203, 13, 213, 170, 'earn');
UPDATE customer SET loyalty_points = loyalty_points + 170 WHERE customer_id = 13;
INSERT INTO orders (order_id, location_id, staff_id, customer_id, order_type, order_status, total_amount, order_date) VALUES (214, 1, 6, 7, 'pickup', 'Completed', 58500, '2026-05-23 10:35:36');
INSERT INTO order_item (order_item_id, order_id, item_id, quantity, unit_price, subtotal) VALUES (315, 214, 4, 1, 65000, 65000);
INSERT INTO payment (payment_id, order_id, payment_method, amount_paid) VALUES (210, 214, 'Mobile', 58500);
INSERT INTO order_promotion (order_id, promotion_id, amount_discounted) VALUES (214, 1, 6500);
INSERT INTO loyalty_transaction (loyalty_txn_id, customer_id, order_id, points_change, txn_type) VALUES (204, 7, 214, 58, 'earn');
UPDATE customer SET loyalty_points = loyalty_points + 58 WHERE customer_id = 7;
INSERT INTO orders (order_id, location_id, staff_id, customer_id, order_type, order_status, total_amount, order_date) VALUES (215, 1, 1, 2, 'takeaway', 'Completed', 153000, '2026-05-23 09:29:00');
INSERT INTO order_item (order_item_id, order_id, item_id, quantity, unit_price, subtotal) VALUES (316, 215, 1, 2, 45000, 90000);
INSERT INTO order_item (order_item_id, order_id, item_id, quantity, unit_price, subtotal) VALUES (317, 215, 11, 2, 40000, 80000);
INSERT INTO payment (payment_id, order_id, payment_method, amount_paid) VALUES (211, 215, 'Card', 153000);
INSERT INTO order_promotion (order_id, promotion_id, amount_discounted) VALUES (215, 1, 17000);
INSERT INTO loyalty_transaction (loyalty_txn_id, customer_id, order_id, points_change, txn_type) VALUES (205, 2, 215, 153, 'earn');
UPDATE customer SET loyalty_points = loyalty_points + 153 WHERE customer_id = 2;
INSERT INTO audit_log (log_id, staff_id, action_type, table_affected, record_id, details) VALUES (44, 1, 'CREATE_ORDER', 'orders', 215, 'Order #215 | Total: 153000đ | Card');
INSERT INTO orders (order_id, location_id, staff_id, customer_id, order_type, order_status, total_amount, order_date) VALUES (216, 1, 5, 3, 'pickup', 'Completed', 30000, '2026-05-23 09:25:40');
INSERT INTO order_item (order_item_id, order_id, item_id, quantity, unit_price, subtotal) VALUES (318, 216, 11, 1, 40000, 40000);
INSERT INTO payment (payment_id, order_id, payment_method, amount_paid) VALUES (212, 216, 'Cash', 30000);
INSERT INTO order_promotion (order_id, promotion_id, amount_discounted) VALUES (216, 1, 4000);
INSERT INTO loyalty_transaction (loyalty_txn_id, customer_id, order_id, points_change, txn_type) VALUES (206, 3, 216, 6, 'redeem');
INSERT INTO loyalty_transaction (loyalty_txn_id, customer_id, order_id, points_change, txn_type) VALUES (207, 3, 216, 30, 'earn');
UPDATE customer SET loyalty_points = loyalty_points + 24 WHERE customer_id = 3;
INSERT INTO orders (order_id, location_id, staff_id, customer_id, order_type, order_status, total_amount, order_date) VALUES (217, 1, 1, 7, 'pickup', 'Completed', 93000, '2026-05-23 06:21:52');
INSERT INTO order_item (order_item_id, order_id, item_id, quantity, unit_price, subtotal) VALUES (319, 217, 6, 1, 55000, 55000);
INSERT INTO order_item (order_item_id, order_id, item_id, quantity, unit_price, subtotal) VALUES (320, 217, 5, 1, 55000, 55000);
INSERT INTO payment (payment_id, order_id, payment_method, amount_paid) VALUES (213, 217, 'Cash', 93000);
INSERT INTO order_promotion (order_id, promotion_id, amount_discounted) VALUES (217, 1, 11000);
INSERT INTO loyalty_transaction (loyalty_txn_id, customer_id, order_id, points_change, txn_type) VALUES (208, 7, 217, 6, 'redeem');
INSERT INTO loyalty_transaction (loyalty_txn_id, customer_id, order_id, points_change, txn_type) VALUES (209, 7, 217, 93, 'earn');
UPDATE customer SET loyalty_points = loyalty_points + 87 WHERE customer_id = 7;
INSERT INTO orders (order_id, location_id, staff_id, customer_id, order_type, order_status, total_amount, order_date) VALUES (218, 2, 3, 4, 'pickup', 'Cancelled', 21500, '2026-05-23 18:55:08');
INSERT INTO order_item (order_item_id, order_id, item_id, quantity, unit_price, subtotal) VALUES (321, 218, 4, 1, 65000, 65000);
INSERT INTO payment (payment_id, order_id, payment_method, amount_paid) VALUES (214, 218, 'Cash', 21500);
INSERT INTO order_promotion (order_id, promotion_id, amount_discounted) VALUES (218, 1, 6500);
INSERT INTO orders (order_id, location_id, staff_id, customer_id, order_type, order_status, total_amount, order_date) VALUES (219, 2, 3, 15, 'pickup', 'Completed', 118800, '2026-05-23 15:55:13');
INSERT INTO order_item (order_item_id, order_id, item_id, quantity, unit_price, subtotal) VALUES (322, 219, 2, 1, 65000, 65000);
INSERT INTO order_item_modifier (order_item_id, option_id, price_delta_at_sale) VALUES (322, 2, 10000);
INSERT INTO order_item (order_item_id, order_id, item_id, quantity, unit_price, subtotal) VALUES (323, 219, 5, 1, 67000, 67000);
INSERT INTO order_item_modifier (order_item_id, option_id, price_delta_at_sale) VALUES (323, 12, 12000);
INSERT INTO payment (payment_id, order_id, payment_method, amount_paid) VALUES (215, 219, 'Card', 118800);
INSERT INTO order_promotion (order_id, promotion_id, amount_discounted) VALUES (219, 1, 13200);
INSERT INTO loyalty_transaction (loyalty_txn_id, customer_id, order_id, points_change, txn_type) VALUES (210, 15, 219, 118, 'earn');
UPDATE customer SET loyalty_points = loyalty_points + 118 WHERE customer_id = 15;
INSERT INTO orders (order_id, location_id, staff_id, customer_id, order_type, order_status, total_amount, order_date) VALUES (220, 2, 7, 3, 'takeaway', 'Completed', 127800, '2026-05-23 15:54:54');
INSERT INTO order_item (order_item_id, order_id, item_id, quantity, unit_price, subtotal) VALUES (324, 220, 7, 1, 75000, 75000);
INSERT INTO order_item_modifier (order_item_id, option_id, price_delta_at_sale) VALUES (324, 14, 10000);
INSERT INTO order_item (order_item_id, order_id, item_id, quantity, unit_price, subtotal) VALUES (325, 220, 9, 1, 67000, 67000);
INSERT INTO order_item_modifier (order_item_id, option_id, price_delta_at_sale) VALUES (325, 12, 12000);
INSERT INTO payment (payment_id, order_id, payment_method, amount_paid) VALUES (216, 220, 'Card', 127800);
INSERT INTO order_promotion (order_id, promotion_id, amount_discounted) VALUES (220, 1, 14200);
INSERT INTO loyalty_transaction (loyalty_txn_id, customer_id, order_id, points_change, txn_type) VALUES (211, 3, 220, 127, 'earn');
UPDATE customer SET loyalty_points = loyalty_points + 127 WHERE customer_id = 3;
INSERT INTO audit_log (log_id, staff_id, action_type, table_affected, record_id, details) VALUES (45, 7, 'CREATE_ORDER', 'orders', 220, 'Order #220 | Total: 127800đ | Card');
INSERT INTO orders (order_id, location_id, staff_id, customer_id, order_type, order_status, total_amount, order_date) VALUES (221, 2, 3, NULL, 'pickup', 'Completed', 117000, '2026-05-23 12:00:23');
INSERT INTO order_item (order_item_id, order_id, item_id, quantity, unit_price, subtotal) VALUES (326, 221, 6, 2, 65000, 130000);
INSERT INTO order_item_modifier (order_item_id, option_id, price_delta_at_sale) VALUES (326, 14, 10000);
INSERT INTO payment (payment_id, order_id, payment_method, amount_paid) VALUES (217, 221, 'Cash', 117000);
INSERT INTO order_promotion (order_id, promotion_id, amount_discounted) VALUES (221, 1, 13000);
INSERT INTO orders (order_id, location_id, staff_id, customer_id, order_type, order_status, total_amount, order_date) VALUES (222, 2, 3, NULL, 'takeaway', 'Completed', 58500, '2026-05-23 07:03:50');
INSERT INTO order_item (order_item_id, order_id, item_id, quantity, unit_price, subtotal) VALUES (327, 222, 3, 1, 65000, 65000);
INSERT INTO order_item_modifier (order_item_id, option_id, price_delta_at_sale) VALUES (327, 14, 10000);
INSERT INTO payment (payment_id, order_id, payment_method, amount_paid) VALUES (218, 222, 'Cash', 58500);
INSERT INTO order_promotion (order_id, promotion_id, amount_discounted) VALUES (222, 1, 6500);
INSERT INTO orders (order_id, location_id, staff_id, customer_id, order_type, order_status, total_amount, order_date) VALUES (223, 1, 1, 5, 'pickup', 'Completed', 36000, '2026-05-24 22:09:34');
INSERT INTO order_item (order_item_id, order_id, item_id, quantity, unit_price, subtotal) VALUES (328, 223, 11, 1, 40000, 40000);
INSERT INTO payment (payment_id, order_id, payment_method, amount_paid) VALUES (219, 223, 'Cash', 36000);
INSERT INTO order_promotion (order_id, promotion_id, amount_discounted) VALUES (223, 1, 4000);
INSERT INTO loyalty_transaction (loyalty_txn_id, customer_id, order_id, points_change, txn_type) VALUES (212, 5, 223, 36, 'earn');
UPDATE customer SET loyalty_points = loyalty_points + 36 WHERE customer_id = 5;
INSERT INTO orders (order_id, location_id, staff_id, customer_id, order_type, order_status, total_amount, order_date) VALUES (224, 1, 1, 10, 'pickup', 'Completed', 106200, '2026-05-24 11:29:39');
INSERT INTO order_item (order_item_id, order_id, item_id, quantity, unit_price, subtotal) VALUES (329, 224, 2, 1, 63000, 63000);
INSERT INTO order_item_modifier (order_item_id, option_id, price_delta_at_sale) VALUES (329, 6, 8000);
INSERT INTO order_item (order_item_id, order_id, item_id, quantity, unit_price, subtotal) VALUES (330, 224, 2, 1, 55000, 55000);
INSERT INTO payment (payment_id, order_id, payment_method, amount_paid) VALUES (220, 224, 'Card', 106200);
INSERT INTO order_promotion (order_id, promotion_id, amount_discounted) VALUES (224, 1, 11800);
INSERT INTO loyalty_transaction (loyalty_txn_id, customer_id, order_id, points_change, txn_type) VALUES (213, 10, 224, 106, 'earn');
UPDATE customer SET loyalty_points = loyalty_points + 106 WHERE customer_id = 10;
INSERT INTO orders (order_id, location_id, staff_id, customer_id, order_type, order_status, total_amount, order_date) VALUES (225, 1, 5, NULL, 'pickup', 'Completed', 60300, '2026-05-24 10:56:07');
INSERT INTO order_item (order_item_id, order_id, item_id, quantity, unit_price, subtotal) VALUES (331, 225, 9, 1, 67000, 67000);
INSERT INTO order_item_modifier (order_item_id, option_id, price_delta_at_sale) VALUES (331, 12, 12000);
INSERT INTO payment (payment_id, order_id, payment_method, amount_paid) VALUES (221, 225, 'Cash', 60300);
INSERT INTO order_promotion (order_id, promotion_id, amount_discounted) VALUES (225, 1, 6700);
INSERT INTO audit_log (log_id, staff_id, action_type, table_affected, record_id, details) VALUES (46, 5, 'CREATE_ORDER', 'orders', 225, 'Order #225 | Total: 60300đ | Cash');
INSERT INTO orders (order_id, location_id, staff_id, customer_id, order_type, order_status, total_amount, order_date) VALUES (226, 1, 1, 9, 'takeaway', 'Completed', 40500, '2026-05-24 19:10:23');
INSERT INTO order_item (order_item_id, order_id, item_id, quantity, unit_price, subtotal) VALUES (332, 226, 1, 1, 45000, 45000);
INSERT INTO payment (payment_id, order_id, payment_method, amount_paid) VALUES (222, 226, 'Cash', 40500);
INSERT INTO order_promotion (order_id, promotion_id, amount_discounted) VALUES (226, 1, 4500);
INSERT INTO loyalty_transaction (loyalty_txn_id, customer_id, order_id, points_change, txn_type) VALUES (214, 9, 226, 40, 'earn');
UPDATE customer SET loyalty_points = loyalty_points + 40 WHERE customer_id = 9;
INSERT INTO orders (order_id, location_id, staff_id, customer_id, order_type, order_status, total_amount, order_date) VALUES (227, 1, 1, 8, 'takeaway', 'Completed', 148500, '2026-05-24 11:09:11');
INSERT INTO order_item (order_item_id, order_id, item_id, quantity, unit_price, subtotal) VALUES (333, 227, 3, 2, 55000, 110000);
INSERT INTO order_item (order_item_id, order_id, item_id, quantity, unit_price, subtotal) VALUES (334, 227, 5, 1, 55000, 55000);
INSERT INTO payment (payment_id, order_id, payment_method, amount_paid) VALUES (223, 227, 'Cash', 148500);
INSERT INTO order_promotion (order_id, promotion_id, amount_discounted) VALUES (227, 1, 16500);
INSERT INTO loyalty_transaction (loyalty_txn_id, customer_id, order_id, points_change, txn_type) VALUES (215, 8, 227, 148, 'earn');
UPDATE customer SET loyalty_points = loyalty_points + 148 WHERE customer_id = 8;
INSERT INTO orders (order_id, location_id, staff_id, customer_id, order_type, order_status, total_amount, order_date) VALUES (228, 1, 5, 8, 'pickup', 'Completed', 56700, '2026-05-24 13:07:32');
INSERT INTO order_item (order_item_id, order_id, item_id, quantity, unit_price, subtotal) VALUES (335, 228, 9, 1, 63000, 63000);
INSERT INTO order_item_modifier (order_item_id, option_id, price_delta_at_sale) VALUES (335, 6, 8000);
INSERT INTO payment (payment_id, order_id, payment_method, amount_paid) VALUES (224, 228, 'Mobile', 56700);
INSERT INTO order_promotion (order_id, promotion_id, amount_discounted) VALUES (228, 1, 6300);
INSERT INTO loyalty_transaction (loyalty_txn_id, customer_id, order_id, points_change, txn_type) VALUES (216, 8, 228, 56, 'earn');
UPDATE customer SET loyalty_points = loyalty_points + 56 WHERE customer_id = 8;
INSERT INTO orders (order_id, location_id, staff_id, customer_id, order_type, order_status, total_amount, order_date) VALUES (229, 1, 6, 3, 'pickup', 'Completed', 106200, '2026-05-24 12:23:12');
INSERT INTO order_item (order_item_id, order_id, item_id, quantity, unit_price, subtotal) VALUES (336, 229, 3, 1, 55000, 55000);
INSERT INTO order_item (order_item_id, order_id, item_id, quantity, unit_price, subtotal) VALUES (337, 229, 2, 1, 63000, 63000);
INSERT INTO order_item_modifier (order_item_id, option_id, price_delta_at_sale) VALUES (337, 7, 8000);
INSERT INTO payment (payment_id, order_id, payment_method, amount_paid) VALUES (225, 229, 'Mobile', 106200);
INSERT INTO order_promotion (order_id, promotion_id, amount_discounted) VALUES (229, 1, 11800);
INSERT INTO loyalty_transaction (loyalty_txn_id, customer_id, order_id, points_change, txn_type) VALUES (217, 3, 229, 106, 'earn');
UPDATE customer SET loyalty_points = loyalty_points + 106 WHERE customer_id = 3;
INSERT INTO orders (order_id, location_id, staff_id, customer_id, order_type, order_status, total_amount, order_date) VALUES (230, 1, 2, 8, 'takeaway', 'Completed', 56000, '2026-05-24 10:53:44');
INSERT INTO order_item (order_item_id, order_id, item_id, quantity, unit_price, subtotal) VALUES (338, 230, 3, 2, 55000, 110000);
INSERT INTO payment (payment_id, order_id, payment_method, amount_paid) VALUES (226, 230, 'Cash', 56000);
INSERT INTO order_promotion (order_id, promotion_id, amount_discounted) VALUES (230, 1, 11000);
INSERT INTO loyalty_transaction (loyalty_txn_id, customer_id, order_id, points_change, txn_type) VALUES (218, 8, 230, 43, 'redeem');
INSERT INTO loyalty_transaction (loyalty_txn_id, customer_id, order_id, points_change, txn_type) VALUES (219, 8, 230, 56, 'earn');
UPDATE customer SET loyalty_points = loyalty_points + 13 WHERE customer_id = 8;
INSERT INTO audit_log (log_id, staff_id, action_type, table_affected, record_id, details) VALUES (47, 2, 'CREATE_ORDER', 'orders', 230, 'Order #230 | Total: 56000đ | Cash');
INSERT INTO orders (order_id, location_id, staff_id, customer_id, order_type, order_status, total_amount, order_date) VALUES (231, 1, 5, 4, 'takeaway', 'Completed', 56700, '2026-05-24 08:09:45');
INSERT INTO order_item (order_item_id, order_id, item_id, quantity, unit_price, subtotal) VALUES (339, 231, 6, 1, 63000, 63000);
INSERT INTO order_item_modifier (order_item_id, option_id, price_delta_at_sale) VALUES (339, 6, 8000);
INSERT INTO payment (payment_id, order_id, payment_method, amount_paid) VALUES (227, 231, 'Card', 56700);
INSERT INTO order_promotion (order_id, promotion_id, amount_discounted) VALUES (231, 1, 6300);
INSERT INTO loyalty_transaction (loyalty_txn_id, customer_id, order_id, points_change, txn_type) VALUES (220, 4, 231, 56, 'earn');
UPDATE customer SET loyalty_points = loyalty_points + 56 WHERE customer_id = 4;
INSERT INTO orders (order_id, location_id, staff_id, customer_id, order_type, order_status, total_amount, order_date) VALUES (232, 1, 5, 15, 'takeaway', 'Completed', 39500, '2026-05-24 11:37:36');
INSERT INTO order_item (order_item_id, order_id, item_id, quantity, unit_price, subtotal) VALUES (340, 232, 7, 1, 65000, 65000);
INSERT INTO payment (payment_id, order_id, payment_method, amount_paid) VALUES (228, 232, 'Card', 39500);
INSERT INTO order_promotion (order_id, promotion_id, amount_discounted) VALUES (232, 1, 6500);
INSERT INTO loyalty_transaction (loyalty_txn_id, customer_id, order_id, points_change, txn_type) VALUES (221, 15, 232, 19, 'redeem');
INSERT INTO loyalty_transaction (loyalty_txn_id, customer_id, order_id, points_change, txn_type) VALUES (222, 15, 232, 39, 'earn');
UPDATE customer SET loyalty_points = loyalty_points + 20 WHERE customer_id = 15;
INSERT INTO orders (order_id, location_id, staff_id, customer_id, order_type, order_status, total_amount, order_date) VALUES (233, 2, 7, 13, 'pickup', 'Completed', 56700, '2026-05-24 09:49:49');
INSERT INTO order_item (order_item_id, order_id, item_id, quantity, unit_price, subtotal) VALUES (341, 233, 2, 1, 63000, 63000);
INSERT INTO order_item_modifier (order_item_id, option_id, price_delta_at_sale) VALUES (341, 6, 8000);
INSERT INTO payment (payment_id, order_id, payment_method, amount_paid) VALUES (229, 233, 'Cash', 56700);
INSERT INTO order_promotion (order_id, promotion_id, amount_discounted) VALUES (233, 1, 6300);
INSERT INTO loyalty_transaction (loyalty_txn_id, customer_id, order_id, points_change, txn_type) VALUES (223, 13, 233, 56, 'earn');
UPDATE customer SET loyalty_points = loyalty_points + 56 WHERE customer_id = 13;
INSERT INTO orders (order_id, location_id, staff_id, customer_id, order_type, order_status, total_amount, order_date) VALUES (234, 2, 3, 12, 'takeaway', 'Completed', 31500, '2026-05-24 08:51:43');
INSERT INTO order_item (order_item_id, order_id, item_id, quantity, unit_price, subtotal) VALUES (342, 234, 10, 1, 35000, 35000);
INSERT INTO payment (payment_id, order_id, payment_method, amount_paid) VALUES (230, 234, 'Cash', 31500);
INSERT INTO order_promotion (order_id, promotion_id, amount_discounted) VALUES (234, 1, 3500);
INSERT INTO loyalty_transaction (loyalty_txn_id, customer_id, order_id, points_change, txn_type) VALUES (224, 12, 234, 31, 'earn');
UPDATE customer SET loyalty_points = loyalty_points + 31 WHERE customer_id = 12;
INSERT INTO orders (order_id, location_id, staff_id, customer_id, order_type, order_status, total_amount, order_date) VALUES (235, 2, 7, 5, 'takeaway', 'Completed', 210200, '2026-05-24 18:11:01');
INSERT INTO order_item (order_item_id, order_id, item_id, quantity, unit_price, subtotal) VALUES (343, 235, 4, 2, 65000, 130000);
INSERT INTO order_item (order_item_id, order_id, item_id, quantity, unit_price, subtotal) VALUES (344, 235, 1, 1, 45000, 45000);
INSERT INTO order_item (order_item_id, order_id, item_id, quantity, unit_price, subtotal) VALUES (345, 235, 3, 1, 63000, 63000);
INSERT INTO order_item_modifier (order_item_id, option_id, price_delta_at_sale) VALUES (345, 6, 8000);
INSERT INTO payment (payment_id, order_id, payment_method, amount_paid) VALUES (231, 235, 'Card', 210200);
INSERT INTO order_promotion (order_id, promotion_id, amount_discounted) VALUES (235, 1, 23800);
INSERT INTO loyalty_transaction (loyalty_txn_id, customer_id, order_id, points_change, txn_type) VALUES (225, 5, 235, 4, 'redeem');
INSERT INTO loyalty_transaction (loyalty_txn_id, customer_id, order_id, points_change, txn_type) VALUES (226, 5, 235, 210, 'earn');
UPDATE customer SET loyalty_points = loyalty_points + 206 WHERE customer_id = 5;
INSERT INTO audit_log (log_id, staff_id, action_type, table_affected, record_id, details) VALUES (48, 7, 'CREATE_ORDER', 'orders', 235, 'Order #235 | Total: 210200đ | Card');
INSERT INTO orders (order_id, location_id, staff_id, customer_id, order_type, order_status, total_amount, order_date) VALUES (236, 2, 3, 5, 'takeaway', 'Completed', 53500, '2026-05-24 14:37:37');
INSERT INTO order_item (order_item_id, order_id, item_id, quantity, unit_price, subtotal) VALUES (346, 236, 7, 1, 65000, 65000);
INSERT INTO payment (payment_id, order_id, payment_method, amount_paid) VALUES (232, 236, 'Mobile', 53500);
INSERT INTO order_promotion (order_id, promotion_id, amount_discounted) VALUES (236, 1, 6500);
INSERT INTO loyalty_transaction (loyalty_txn_id, customer_id, order_id, points_change, txn_type) VALUES (227, 5, 236, 5, 'redeem');
INSERT INTO loyalty_transaction (loyalty_txn_id, customer_id, order_id, points_change, txn_type) VALUES (228, 5, 236, 53, 'earn');
UPDATE customer SET loyalty_points = loyalty_points + 48 WHERE customer_id = 5;
INSERT INTO orders (order_id, location_id, staff_id, customer_id, order_type, order_status, total_amount, order_date) VALUES (237, 2, 7, 5, 'takeaway', 'Completed', 95800, '2026-05-24 12:10:59');
INSERT INTO order_item (order_item_id, order_id, item_id, quantity, unit_price, subtotal) VALUES (347, 237, 4, 1, 65000, 65000);
INSERT INTO order_item (order_item_id, order_id, item_id, quantity, unit_price, subtotal) VALUES (348, 237, 1, 1, 57000, 57000);
INSERT INTO order_item_modifier (order_item_id, option_id, price_delta_at_sale) VALUES (348, 12, 12000);
INSERT INTO payment (payment_id, order_id, payment_method, amount_paid) VALUES (233, 237, 'Mobile', 95800);
INSERT INTO order_promotion (order_id, promotion_id, amount_discounted) VALUES (237, 1, 12200);
INSERT INTO loyalty_transaction (loyalty_txn_id, customer_id, order_id, points_change, txn_type) VALUES (229, 5, 237, 14, 'redeem');
INSERT INTO loyalty_transaction (loyalty_txn_id, customer_id, order_id, points_change, txn_type) VALUES (230, 5, 237, 95, 'earn');
UPDATE customer SET loyalty_points = loyalty_points + 81 WHERE customer_id = 5;
INSERT INTO orders (order_id, location_id, staff_id, customer_id, order_type, order_status, total_amount, order_date) VALUES (238, 2, 7, 9, 'pickup', 'Completed', 40500, '2026-05-24 09:18:31');
INSERT INTO order_item (order_item_id, order_id, item_id, quantity, unit_price, subtotal) VALUES (349, 238, 7, 1, 65000, 65000);
INSERT INTO payment (payment_id, order_id, payment_method, amount_paid) VALUES (234, 238, 'Mobile', 40500);
INSERT INTO order_promotion (order_id, promotion_id, amount_discounted) VALUES (238, 1, 6500);
INSERT INTO loyalty_transaction (loyalty_txn_id, customer_id, order_id, points_change, txn_type) VALUES (231, 9, 238, 18, 'redeem');
INSERT INTO loyalty_transaction (loyalty_txn_id, customer_id, order_id, points_change, txn_type) VALUES (232, 9, 238, 40, 'earn');
UPDATE customer SET loyalty_points = loyalty_points + 22 WHERE customer_id = 9;
INSERT INTO orders (order_id, location_id, staff_id, customer_id, order_type, order_status, total_amount, order_date) VALUES (239, 2, 7, 7, 'takeaway', 'Completed', 121500, '2026-05-24 18:22:30');
INSERT INTO order_item (order_item_id, order_id, item_id, quantity, unit_price, subtotal) VALUES (350, 239, 9, 1, 55000, 55000);
INSERT INTO order_item (order_item_id, order_id, item_id, quantity, unit_price, subtotal) VALUES (351, 239, 13, 2, 40000, 80000);
INSERT INTO payment (payment_id, order_id, payment_method, amount_paid) VALUES (235, 239, 'Card', 121500);
INSERT INTO order_promotion (order_id, promotion_id, amount_discounted) VALUES (239, 1, 13500);
INSERT INTO loyalty_transaction (loyalty_txn_id, customer_id, order_id, points_change, txn_type) VALUES (233, 7, 239, 121, 'earn');
UPDATE customer SET loyalty_points = loyalty_points + 121 WHERE customer_id = 7;
INSERT INTO orders (order_id, location_id, staff_id, customer_id, order_type, order_status, total_amount, order_date) VALUES (240, 1, 1, 9, 'takeaway', 'Completed', 58500, '2026-05-25 13:14:10');
INSERT INTO order_item (order_item_id, order_id, item_id, quantity, unit_price, subtotal) VALUES (352, 240, 4, 1, 65000, 65000);
INSERT INTO payment (payment_id, order_id, payment_method, amount_paid) VALUES (236, 240, 'Mobile', 58500);
INSERT INTO order_promotion (order_id, promotion_id, amount_discounted) VALUES (240, 1, 6500);
INSERT INTO loyalty_transaction (loyalty_txn_id, customer_id, order_id, points_change, txn_type) VALUES (234, 9, 240, 58, 'earn');
UPDATE customer SET loyalty_points = loyalty_points + 58 WHERE customer_id = 9;
INSERT INTO audit_log (log_id, staff_id, action_type, table_affected, record_id, details) VALUES (49, 1, 'CREATE_ORDER', 'orders', 240, 'Order #240 | Total: 58500đ | Mobile');
INSERT INTO orders (order_id, location_id, staff_id, customer_id, order_type, order_status, total_amount, order_date) VALUES (241, 1, 1, 8, 'pickup', 'Completed', 81000, '2026-05-25 13:51:47');
INSERT INTO order_item (order_item_id, order_id, item_id, quantity, unit_price, subtotal) VALUES (353, 241, 10, 1, 35000, 35000);
INSERT INTO order_item (order_item_id, order_id, item_id, quantity, unit_price, subtotal) VALUES (354, 241, 2, 1, 55000, 55000);
INSERT INTO payment (payment_id, order_id, payment_method, amount_paid) VALUES (237, 241, 'Cash', 81000);
INSERT INTO order_promotion (order_id, promotion_id, amount_discounted) VALUES (241, 1, 9000);
INSERT INTO loyalty_transaction (loyalty_txn_id, customer_id, order_id, points_change, txn_type) VALUES (235, 8, 241, 81, 'earn');
UPDATE customer SET loyalty_points = loyalty_points + 81 WHERE customer_id = 8;
INSERT INTO orders (order_id, location_id, staff_id, customer_id, order_type, order_status, total_amount, order_date) VALUES (242, 1, 2, NULL, 'pickup', 'Completed', 58500, '2026-05-25 13:01:33');
INSERT INTO order_item (order_item_id, order_id, item_id, quantity, unit_price, subtotal) VALUES (355, 242, 2, 1, 65000, 65000);
INSERT INTO order_item_modifier (order_item_id, option_id, price_delta_at_sale) VALUES (355, 14, 10000);
INSERT INTO payment (payment_id, order_id, payment_method, amount_paid) VALUES (238, 242, 'Cash', 58500);
INSERT INTO order_promotion (order_id, promotion_id, amount_discounted) VALUES (242, 1, 6500);
INSERT INTO orders (order_id, location_id, staff_id, customer_id, order_type, order_status, total_amount, order_date) VALUES (243, 1, 2, 11, 'takeaway', 'Completed', 139500, '2026-05-25 13:58:09');
INSERT INTO order_item (order_item_id, order_id, item_id, quantity, unit_price, subtotal) VALUES (356, 243, 4, 1, 65000, 65000);
INSERT INTO order_item (order_item_id, order_id, item_id, quantity, unit_price, subtotal) VALUES (357, 243, 1, 2, 45000, 90000);
INSERT INTO payment (payment_id, order_id, payment_method, amount_paid) VALUES (239, 243, 'Mobile', 139500);
INSERT INTO order_promotion (order_id, promotion_id, amount_discounted) VALUES (243, 1, 15500);
INSERT INTO loyalty_transaction (loyalty_txn_id, customer_id, order_id, points_change, txn_type) VALUES (236, 11, 243, 139, 'earn');
UPDATE customer SET loyalty_points = loyalty_points + 139 WHERE customer_id = 11;
INSERT INTO orders (order_id, location_id, staff_id, customer_id, order_type, order_status, total_amount, order_date) VALUES (244, 1, 6, 4, 'pickup', 'Completed', 63000, '2026-05-25 21:50:40');
INSERT INTO order_item (order_item_id, order_id, item_id, quantity, unit_price, subtotal) VALUES (358, 244, 2, 2, 55000, 110000);
INSERT INTO payment (payment_id, order_id, payment_method, amount_paid) VALUES (240, 244, 'Cash', 63000);
INSERT INTO order_promotion (order_id, promotion_id, amount_discounted) VALUES (244, 1, 11000);
INSERT INTO loyalty_transaction (loyalty_txn_id, customer_id, order_id, points_change, txn_type) VALUES (237, 4, 244, 36, 'redeem');
INSERT INTO loyalty_transaction (loyalty_txn_id, customer_id, order_id, points_change, txn_type) VALUES (238, 4, 244, 63, 'earn');
UPDATE customer SET loyalty_points = loyalty_points + 27 WHERE customer_id = 4;
INSERT INTO orders (order_id, location_id, staff_id, customer_id, order_type, order_status, total_amount, order_date) VALUES (245, 1, 5, 8, 'takeaway', 'Completed', 166500, '2026-05-25 06:44:36');
INSERT INTO order_item (order_item_id, order_id, item_id, quantity, unit_price, subtotal) VALUES (359, 245, 3, 1, 55000, 55000);
INSERT INTO order_item (order_item_id, order_id, item_id, quantity, unit_price, subtotal) VALUES (360, 245, 2, 2, 65000, 130000);
INSERT INTO order_item_modifier (order_item_id, option_id, price_delta_at_sale) VALUES (360, 14, 10000);
INSERT INTO payment (payment_id, order_id, payment_method, amount_paid) VALUES (241, 245, 'Cash', 166500);
INSERT INTO order_promotion (order_id, promotion_id, amount_discounted) VALUES (245, 1, 18500);
INSERT INTO loyalty_transaction (loyalty_txn_id, customer_id, order_id, points_change, txn_type) VALUES (239, 8, 245, 166, 'earn');
UPDATE customer SET loyalty_points = loyalty_points + 166 WHERE customer_id = 8;
INSERT INTO audit_log (log_id, staff_id, action_type, table_affected, record_id, details) VALUES (50, 5, 'CREATE_ORDER', 'orders', 245, 'Order #245 | Total: 166500đ | Cash');
INSERT INTO orders (order_id, location_id, staff_id, customer_id, order_type, order_status, total_amount, order_date) VALUES (246, 1, 2, 4, 'pickup', 'Completed', 144000, '2026-05-25 09:56:05');
INSERT INTO order_item (order_item_id, order_id, item_id, quantity, unit_price, subtotal) VALUES (361, 246, 3, 2, 55000, 110000);
INSERT INTO order_item (order_item_id, order_id, item_id, quantity, unit_price, subtotal) VALUES (362, 246, 13, 1, 50000, 50000);
INSERT INTO order_item_modifier (order_item_id, option_id, price_delta_at_sale) VALUES (362, 2, 10000);
INSERT INTO payment (payment_id, order_id, payment_method, amount_paid) VALUES (242, 246, 'Cash', 144000);
INSERT INTO order_promotion (order_id, promotion_id, amount_discounted) VALUES (246, 1, 16000);
INSERT INTO loyalty_transaction (loyalty_txn_id, customer_id, order_id, points_change, txn_type) VALUES (240, 4, 246, 144, 'earn');
UPDATE customer SET loyalty_points = loyalty_points + 144 WHERE customer_id = 4;
INSERT INTO orders (order_id, location_id, staff_id, customer_id, order_type, order_status, total_amount, order_date) VALUES (247, 2, 3, 12, 'pickup', 'Completed', 100800, '2026-05-25 11:10:56');
INSERT INTO order_item (order_item_id, order_id, item_id, quantity, unit_price, subtotal) VALUES (363, 247, 1, 1, 45000, 45000);
INSERT INTO order_item (order_item_id, order_id, item_id, quantity, unit_price, subtotal) VALUES (364, 247, 5, 1, 67000, 67000);
INSERT INTO order_item_modifier (order_item_id, option_id, price_delta_at_sale) VALUES (364, 12, 12000);
INSERT INTO payment (payment_id, order_id, payment_method, amount_paid) VALUES (243, 247, 'Card', 100800);
INSERT INTO order_promotion (order_id, promotion_id, amount_discounted) VALUES (247, 1, 11200);
INSERT INTO loyalty_transaction (loyalty_txn_id, customer_id, order_id, points_change, txn_type) VALUES (241, 12, 247, 100, 'earn');
UPDATE customer SET loyalty_points = loyalty_points + 100 WHERE customer_id = 12;
INSERT INTO orders (order_id, location_id, staff_id, customer_id, order_type, order_status, total_amount, order_date) VALUES (248, 2, 3, 6, 'pickup', 'Completed', 69000, '2026-05-25 21:04:21');
INSERT INTO order_item (order_item_id, order_id, item_id, quantity, unit_price, subtotal) VALUES (365, 248, 3, 1, 65000, 65000);
INSERT INTO order_item_modifier (order_item_id, option_id, price_delta_at_sale) VALUES (365, 2, 10000);
INSERT INTO order_item (order_item_id, order_id, item_id, quantity, unit_price, subtotal) VALUES (366, 248, 3, 1, 55000, 55000);
INSERT INTO payment (payment_id, order_id, payment_method, amount_paid) VALUES (244, 248, 'Cash', 69000);
INSERT INTO order_promotion (order_id, promotion_id, amount_discounted) VALUES (248, 1, 12000);
INSERT INTO loyalty_transaction (loyalty_txn_id, customer_id, order_id, points_change, txn_type) VALUES (242, 6, 248, 39, 'redeem');
INSERT INTO loyalty_transaction (loyalty_txn_id, customer_id, order_id, points_change, txn_type) VALUES (243, 6, 248, 69, 'earn');
UPDATE customer SET loyalty_points = loyalty_points + 30 WHERE customer_id = 6;
INSERT INTO orders (order_id, location_id, staff_id, customer_id, order_type, order_status, total_amount, order_date) VALUES (249, 2, 7, 1, 'pickup', 'Completed', 45000, '2026-05-25 09:06:21');
INSERT INTO order_item (order_item_id, order_id, item_id, quantity, unit_price, subtotal) VALUES (367, 249, 11, 1, 50000, 50000);
INSERT INTO order_item_modifier (order_item_id, option_id, price_delta_at_sale) VALUES (367, 14, 10000);
INSERT INTO payment (payment_id, order_id, payment_method, amount_paid) VALUES (245, 249, 'Mobile', 45000);
INSERT INTO order_promotion (order_id, promotion_id, amount_discounted) VALUES (249, 1, 5000);
INSERT INTO loyalty_transaction (loyalty_txn_id, customer_id, order_id, points_change, txn_type) VALUES (244, 1, 249, 45, 'earn');
UPDATE customer SET loyalty_points = loyalty_points + 45 WHERE customer_id = 1;
INSERT INTO orders (order_id, location_id, staff_id, customer_id, order_type, order_status, total_amount, order_date) VALUES (250, 1, 5, 8, 'takeaway', 'Completed', 49000, '2026-05-26 11:27:05');
INSERT INTO order_item (order_item_id, order_id, item_id, quantity, unit_price, subtotal) VALUES (368, 250, 10, 1, 35000, 35000);
INSERT INTO order_item (order_item_id, order_id, item_id, quantity, unit_price, subtotal) VALUES (369, 250, 2, 1, 65000, 65000);
INSERT INTO order_item_modifier (order_item_id, option_id, price_delta_at_sale) VALUES (369, 2, 10000);
INSERT INTO payment (payment_id, order_id, payment_method, amount_paid) VALUES (246, 250, 'Cash', 49000);
INSERT INTO order_promotion (order_id, promotion_id, amount_discounted) VALUES (250, 1, 10000);
INSERT INTO loyalty_transaction (loyalty_txn_id, customer_id, order_id, points_change, txn_type) VALUES (245, 8, 250, 41, 'redeem');
INSERT INTO loyalty_transaction (loyalty_txn_id, customer_id, order_id, points_change, txn_type) VALUES (246, 8, 250, 49, 'earn');
UPDATE customer SET loyalty_points = loyalty_points + 8 WHERE customer_id = 8;
INSERT INTO audit_log (log_id, staff_id, action_type, table_affected, record_id, details) VALUES (51, 5, 'CREATE_ORDER', 'orders', 250, 'Order #250 | Total: 49000đ | Cash');
INSERT INTO orders (order_id, location_id, staff_id, customer_id, order_type, order_status, total_amount, order_date) VALUES (251, 1, 1, NULL, 'takeaway', 'Completed', 60300, '2026-05-26 14:05:41');
INSERT INTO order_item (order_item_id, order_id, item_id, quantity, unit_price, subtotal) VALUES (370, 251, 6, 1, 67000, 67000);
INSERT INTO order_item_modifier (order_item_id, option_id, price_delta_at_sale) VALUES (370, 12, 12000);
INSERT INTO payment (payment_id, order_id, payment_method, amount_paid) VALUES (247, 251, 'Cash', 60300);
INSERT INTO order_promotion (order_id, promotion_id, amount_discounted) VALUES (251, 1, 6700);
INSERT INTO orders (order_id, location_id, staff_id, customer_id, order_type, order_status, total_amount, order_date) VALUES (252, 1, 6, 2, 'pickup', 'Completed', 38700, '2026-05-26 13:09:48');
INSERT INTO order_item (order_item_id, order_id, item_id, quantity, unit_price, subtotal) VALUES (371, 252, 10, 1, 43000, 43000);
INSERT INTO order_item_modifier (order_item_id, option_id, price_delta_at_sale) VALUES (371, 7, 8000);
INSERT INTO payment (payment_id, order_id, payment_method, amount_paid) VALUES (248, 252, 'Cash', 38700);
INSERT INTO order_promotion (order_id, promotion_id, amount_discounted) VALUES (252, 1, 4300);
INSERT INTO loyalty_transaction (loyalty_txn_id, customer_id, order_id, points_change, txn_type) VALUES (247, 2, 252, 38, 'earn');
UPDATE customer SET loyalty_points = loyalty_points + 38 WHERE customer_id = 2;
INSERT INTO orders (order_id, location_id, staff_id, customer_id, order_type, order_status, total_amount, order_date) VALUES (253, 1, 2, 2, 'pickup', 'Cancelled', 53000, '2026-05-26 19:30:36');
INSERT INTO order_item (order_item_id, order_id, item_id, quantity, unit_price, subtotal) VALUES (372, 253, 6, 2, 55000, 110000);
INSERT INTO payment (payment_id, order_id, payment_method, amount_paid) VALUES (249, 253, 'Mobile', 53000);
INSERT INTO order_promotion (order_id, promotion_id, amount_discounted) VALUES (253, 1, 11000);
INSERT INTO orders (order_id, location_id, staff_id, customer_id, order_type, order_status, total_amount, order_date) VALUES (254, 1, 2, 4, 'pickup', 'Completed', 135000, '2026-05-26 11:43:27');
INSERT INTO order_item (order_item_id, order_id, item_id, quantity, unit_price, subtotal) VALUES (373, 254, 13, 1, 40000, 40000);
INSERT INTO order_item (order_item_id, order_id, item_id, quantity, unit_price, subtotal) VALUES (374, 254, 9, 1, 55000, 55000);
INSERT INTO order_item (order_item_id, order_id, item_id, quantity, unit_price, subtotal) VALUES (375, 254, 2, 1, 55000, 55000);
INSERT INTO payment (payment_id, order_id, payment_method, amount_paid) VALUES (250, 254, 'Cash', 135000);
INSERT INTO order_promotion (order_id, promotion_id, amount_discounted) VALUES (254, 1, 15000);
INSERT INTO loyalty_transaction (loyalty_txn_id, customer_id, order_id, points_change, txn_type) VALUES (248, 4, 254, 135, 'earn');
UPDATE customer SET loyalty_points = loyalty_points + 135 WHERE customer_id = 4;
INSERT INTO orders (order_id, location_id, staff_id, customer_id, order_type, order_status, total_amount, order_date) VALUES (255, 1, 6, 11, 'pickup', 'Completed', 153000, '2026-05-26 18:07:26');
INSERT INTO order_item (order_item_id, order_id, item_id, quantity, unit_price, subtotal) VALUES (376, 255, 1, 1, 45000, 45000);
INSERT INTO order_item (order_item_id, order_id, item_id, quantity, unit_price, subtotal) VALUES (377, 255, 8, 1, 60000, 60000);
INSERT INTO order_item (order_item_id, order_id, item_id, quantity, unit_price, subtotal) VALUES (378, 255, 6, 1, 65000, 65000);
INSERT INTO order_item_modifier (order_item_id, option_id, price_delta_at_sale) VALUES (378, 2, 10000);
INSERT INTO payment (payment_id, order_id, payment_method, amount_paid) VALUES (251, 255, 'Card', 153000);
INSERT INTO order_promotion (order_id, promotion_id, amount_discounted) VALUES (255, 1, 17000);
INSERT INTO loyalty_transaction (loyalty_txn_id, customer_id, order_id, points_change, txn_type) VALUES (249, 11, 255, 153, 'earn');
UPDATE customer SET loyalty_points = loyalty_points + 153 WHERE customer_id = 11;
INSERT INTO audit_log (log_id, staff_id, action_type, table_affected, record_id, details) VALUES (52, 6, 'CREATE_ORDER', 'orders', 255, 'Order #255 | Total: 153000đ | Card');
INSERT INTO orders (order_id, location_id, staff_id, customer_id, order_type, order_status, total_amount, order_date) VALUES (256, 1, 5, 14, 'pickup', 'Cancelled', 58500, '2026-05-26 07:17:25');
INSERT INTO order_item (order_item_id, order_id, item_id, quantity, unit_price, subtotal) VALUES (379, 256, 7, 1, 65000, 65000);
INSERT INTO payment (payment_id, order_id, payment_method, amount_paid) VALUES (252, 256, 'Cash', 58500);
INSERT INTO order_promotion (order_id, promotion_id, amount_discounted) VALUES (256, 1, 6500);
INSERT INTO orders (order_id, location_id, staff_id, customer_id, order_type, order_status, total_amount, order_date) VALUES (257, 2, 7, 8, 'takeaway', 'Completed', 126000, '2026-05-26 10:17:53');
INSERT INTO order_item (order_item_id, order_id, item_id, quantity, unit_price, subtotal) VALUES (380, 257, 11, 1, 40000, 40000);
INSERT INTO order_item (order_item_id, order_id, item_id, quantity, unit_price, subtotal) VALUES (381, 257, 1, 1, 45000, 45000);
INSERT INTO order_item (order_item_id, order_id, item_id, quantity, unit_price, subtotal) VALUES (382, 257, 9, 1, 55000, 55000);
INSERT INTO payment (payment_id, order_id, payment_method, amount_paid) VALUES (253, 257, 'Card', 126000);
INSERT INTO order_promotion (order_id, promotion_id, amount_discounted) VALUES (257, 1, 14000);
INSERT INTO loyalty_transaction (loyalty_txn_id, customer_id, order_id, points_change, txn_type) VALUES (250, 8, 257, 126, 'earn');
UPDATE customer SET loyalty_points = loyalty_points + 126 WHERE customer_id = 8;
INSERT INTO orders (order_id, location_id, staff_id, customer_id, order_type, order_status, total_amount, order_date) VALUES (258, 2, 7, 14, 'takeaway', 'Completed', 99000, '2026-05-26 16:48:33');
INSERT INTO order_item (order_item_id, order_id, item_id, quantity, unit_price, subtotal) VALUES (383, 258, 9, 2, 55000, 110000);
INSERT INTO payment (payment_id, order_id, payment_method, amount_paid) VALUES (254, 258, 'Cash', 99000);
INSERT INTO order_promotion (order_id, promotion_id, amount_discounted) VALUES (258, 1, 11000);
INSERT INTO loyalty_transaction (loyalty_txn_id, customer_id, order_id, points_change, txn_type) VALUES (251, 14, 258, 99, 'earn');
UPDATE customer SET loyalty_points = loyalty_points + 99 WHERE customer_id = 14;
INSERT INTO orders (order_id, location_id, staff_id, customer_id, order_type, order_status, total_amount, order_date) VALUES (259, 2, 7, NULL, 'pickup', 'Completed', 132300, '2026-05-26 09:53:12');
INSERT INTO order_item (order_item_id, order_id, item_id, quantity, unit_price, subtotal) VALUES (384, 259, 10, 2, 47000, 94000);
INSERT INTO order_item_modifier (order_item_id, option_id, price_delta_at_sale) VALUES (384, 12, 12000);
INSERT INTO order_item (order_item_id, order_id, item_id, quantity, unit_price, subtotal) VALUES (385, 259, 1, 1, 53000, 53000);
INSERT INTO order_item_modifier (order_item_id, option_id, price_delta_at_sale) VALUES (385, 6, 8000);
INSERT INTO payment (payment_id, order_id, payment_method, amount_paid) VALUES (255, 259, 'Cash', 132300);
INSERT INTO order_promotion (order_id, promotion_id, amount_discounted) VALUES (259, 1, 14700);
INSERT INTO orders (order_id, location_id, staff_id, customer_id, order_type, order_status, total_amount, order_date) VALUES (260, 2, 7, NULL, 'pickup', 'Completed', 40500, '2026-05-26 11:38:28');
INSERT INTO order_item (order_item_id, order_id, item_id, quantity, unit_price, subtotal) VALUES (386, 260, 1, 1, 45000, 45000);
INSERT INTO payment (payment_id, order_id, payment_method, amount_paid) VALUES (256, 260, 'Card', 40500);
INSERT INTO order_promotion (order_id, promotion_id, amount_discounted) VALUES (260, 1, 4500);
INSERT INTO audit_log (log_id, staff_id, action_type, table_affected, record_id, details) VALUES (53, 7, 'CREATE_ORDER', 'orders', 260, 'Order #260 | Total: 40500đ | Card');
INSERT INTO orders (order_id, location_id, staff_id, customer_id, order_type, order_status, total_amount, order_date) VALUES (261, 1, 2, 9, 'takeaway', 'Completed', 56700, '2026-05-27 13:13:54');
INSERT INTO order_item (order_item_id, order_id, item_id, quantity, unit_price, subtotal) VALUES (387, 261, 2, 1, 63000, 63000);
INSERT INTO order_item_modifier (order_item_id, option_id, price_delta_at_sale) VALUES (387, 6, 8000);
INSERT INTO payment (payment_id, order_id, payment_method, amount_paid) VALUES (257, 261, 'Cash', 56700);
INSERT INTO order_promotion (order_id, promotion_id, amount_discounted) VALUES (261, 1, 6300);
INSERT INTO loyalty_transaction (loyalty_txn_id, customer_id, order_id, points_change, txn_type) VALUES (252, 9, 261, 56, 'earn');
UPDATE customer SET loyalty_points = loyalty_points + 56 WHERE customer_id = 9;
INSERT INTO orders (order_id, location_id, staff_id, customer_id, order_type, order_status, total_amount, order_date) VALUES (262, 1, 1, 1, 'pickup', 'Completed', 99000, '2026-05-27 09:51:19');
INSERT INTO order_item (order_item_id, order_id, item_id, quantity, unit_price, subtotal) VALUES (388, 262, 7, 1, 65000, 65000);
INSERT INTO order_item (order_item_id, order_id, item_id, quantity, unit_price, subtotal) VALUES (389, 262, 1, 1, 45000, 45000);
INSERT INTO payment (payment_id, order_id, payment_method, amount_paid) VALUES (258, 262, 'Mobile', 99000);
INSERT INTO order_promotion (order_id, promotion_id, amount_discounted) VALUES (262, 1, 11000);
INSERT INTO loyalty_transaction (loyalty_txn_id, customer_id, order_id, points_change, txn_type) VALUES (253, 1, 262, 99, 'earn');
UPDATE customer SET loyalty_points = loyalty_points + 99 WHERE customer_id = 1;
INSERT INTO orders (order_id, location_id, staff_id, customer_id, order_type, order_status, total_amount, order_date) VALUES (263, 1, 2, 15, 'pickup', 'Completed', 175500, '2026-05-27 12:42:53');
INSERT INTO order_item (order_item_id, order_id, item_id, quantity, unit_price, subtotal) VALUES (390, 263, 4, 2, 65000, 130000);
INSERT INTO order_item (order_item_id, order_id, item_id, quantity, unit_price, subtotal) VALUES (391, 263, 2, 1, 65000, 65000);
INSERT INTO order_item_modifier (order_item_id, option_id, price_delta_at_sale) VALUES (391, 2, 10000);
INSERT INTO payment (payment_id, order_id, payment_method, amount_paid) VALUES (259, 263, 'Card', 175500);
INSERT INTO order_promotion (order_id, promotion_id, amount_discounted) VALUES (263, 1, 19500);
INSERT INTO loyalty_transaction (loyalty_txn_id, customer_id, order_id, points_change, txn_type) VALUES (254, 15, 263, 175, 'earn');
UPDATE customer SET loyalty_points = loyalty_points + 175 WHERE customer_id = 15;
INSERT INTO orders (order_id, location_id, staff_id, customer_id, order_type, order_status, total_amount, order_date) VALUES (264, 1, 5, 11, 'pickup', 'Completed', 171000, '2026-05-27 09:48:15');
INSERT INTO order_item (order_item_id, order_id, item_id, quantity, unit_price, subtotal) VALUES (392, 264, 11, 2, 40000, 80000);
INSERT INTO order_item (order_item_id, order_id, item_id, quantity, unit_price, subtotal) VALUES (393, 264, 3, 2, 55000, 110000);
INSERT INTO payment (payment_id, order_id, payment_method, amount_paid) VALUES (260, 264, 'Cash', 171000);
INSERT INTO order_promotion (order_id, promotion_id, amount_discounted) VALUES (264, 1, 19000);
INSERT INTO loyalty_transaction (loyalty_txn_id, customer_id, order_id, points_change, txn_type) VALUES (255, 11, 264, 171, 'earn');
UPDATE customer SET loyalty_points = loyalty_points + 171 WHERE customer_id = 11;
INSERT INTO orders (order_id, location_id, staff_id, customer_id, order_type, order_status, total_amount, order_date) VALUES (265, 1, 1, NULL, 'pickup', 'Completed', 131400, '2026-05-27 07:45:36');
INSERT INTO order_item (order_item_id, order_id, item_id, quantity, unit_price, subtotal) VALUES (394, 265, 4, 2, 73000, 146000);
INSERT INTO order_item_modifier (order_item_id, option_id, price_delta_at_sale) VALUES (394, 6, 8000);
INSERT INTO payment (payment_id, order_id, payment_method, amount_paid) VALUES (261, 265, 'Cash', 131400);
INSERT INTO order_promotion (order_id, promotion_id, amount_discounted) VALUES (265, 1, 14600);
INSERT INTO audit_log (log_id, staff_id, action_type, table_affected, record_id, details) VALUES (54, 1, 'CREATE_ORDER', 'orders', 265, 'Order #265 | Total: 131400đ | Cash');
INSERT INTO orders (order_id, location_id, staff_id, customer_id, order_type, order_status, total_amount, order_date) VALUES (266, 1, 6, 12, 'pickup', 'Completed', 88200, '2026-05-27 08:08:47');
INSERT INTO order_item (order_item_id, order_id, item_id, quantity, unit_price, subtotal) VALUES (395, 266, 10, 1, 35000, 35000);
INSERT INTO order_item (order_item_id, order_id, item_id, quantity, unit_price, subtotal) VALUES (396, 266, 2, 1, 63000, 63000);
INSERT INTO order_item_modifier (order_item_id, option_id, price_delta_at_sale) VALUES (396, 7, 8000);
INSERT INTO payment (payment_id, order_id, payment_method, amount_paid) VALUES (262, 266, 'Mobile', 88200);
INSERT INTO order_promotion (order_id, promotion_id, amount_discounted) VALUES (266, 1, 9800);
INSERT INTO loyalty_transaction (loyalty_txn_id, customer_id, order_id, points_change, txn_type) VALUES (256, 12, 266, 88, 'earn');
UPDATE customer SET loyalty_points = loyalty_points + 88 WHERE customer_id = 12;
INSERT INTO orders (order_id, location_id, staff_id, customer_id, order_type, order_status, total_amount, order_date) VALUES (267, 1, 2, 10, 'pickup', 'Completed', 49500, '2026-05-27 10:54:07');
INSERT INTO order_item (order_item_id, order_id, item_id, quantity, unit_price, subtotal) VALUES (397, 267, 3, 1, 55000, 55000);
INSERT INTO payment (payment_id, order_id, payment_method, amount_paid) VALUES (263, 267, 'Card', 49500);
INSERT INTO order_promotion (order_id, promotion_id, amount_discounted) VALUES (267, 1, 5500);
INSERT INTO loyalty_transaction (loyalty_txn_id, customer_id, order_id, points_change, txn_type) VALUES (257, 10, 267, 49, 'earn');
UPDATE customer SET loyalty_points = loyalty_points + 49 WHERE customer_id = 10;
INSERT INTO orders (order_id, location_id, staff_id, customer_id, order_type, order_status, total_amount, order_date) VALUES (268, 2, 3, NULL, 'takeaway', 'Completed', 168300, '2026-05-27 08:54:09');
INSERT INTO order_item (order_item_id, order_id, item_id, quantity, unit_price, subtotal) VALUES (398, 268, 4, 1, 77000, 77000);
INSERT INTO order_item_modifier (order_item_id, option_id, price_delta_at_sale) VALUES (398, 12, 12000);
INSERT INTO order_item (order_item_id, order_id, item_id, quantity, unit_price, subtotal) VALUES (399, 268, 3, 2, 55000, 110000);
INSERT INTO payment (payment_id, order_id, payment_method, amount_paid) VALUES (264, 268, 'Card', 168300);
INSERT INTO order_promotion (order_id, promotion_id, amount_discounted) VALUES (268, 1, 18700);
INSERT INTO orders (order_id, location_id, staff_id, customer_id, order_type, order_status, total_amount, order_date) VALUES (269, 2, 3, 11, 'takeaway', 'Completed', 65700, '2026-05-27 09:40:03');
INSERT INTO order_item (order_item_id, order_id, item_id, quantity, unit_price, subtotal) VALUES (400, 269, 7, 1, 73000, 73000);
INSERT INTO order_item_modifier (order_item_id, option_id, price_delta_at_sale) VALUES (400, 6, 8000);
INSERT INTO payment (payment_id, order_id, payment_method, amount_paid) VALUES (265, 269, 'Card', 65700);
INSERT INTO order_promotion (order_id, promotion_id, amount_discounted) VALUES (269, 1, 7300);
INSERT INTO loyalty_transaction (loyalty_txn_id, customer_id, order_id, points_change, txn_type) VALUES (258, 11, 269, 65, 'earn');
UPDATE customer SET loyalty_points = loyalty_points + 65 WHERE customer_id = 11;
INSERT INTO orders (order_id, location_id, staff_id, customer_id, order_type, order_status, total_amount, order_date) VALUES (270, 2, 3, 5, 'pickup', 'Completed', 67500, '2026-05-27 11:02:34');
INSERT INTO order_item (order_item_id, order_id, item_id, quantity, unit_price, subtotal) VALUES (401, 270, 12, 1, 75000, 75000);
INSERT INTO order_item_modifier (order_item_id, option_id, price_delta_at_sale) VALUES (401, 2, 10000);
INSERT INTO payment (payment_id, order_id, payment_method, amount_paid) VALUES (266, 270, 'Card', 67500);
INSERT INTO order_promotion (order_id, promotion_id, amount_discounted) VALUES (270, 1, 7500);
INSERT INTO loyalty_transaction (loyalty_txn_id, customer_id, order_id, points_change, txn_type) VALUES (259, 5, 270, 67, 'earn');
UPDATE customer SET loyalty_points = loyalty_points + 67 WHERE customer_id = 5;
INSERT INTO audit_log (log_id, staff_id, action_type, table_affected, record_id, details) VALUES (55, 3, 'CREATE_ORDER', 'orders', 270, 'Order #270 | Total: 67500đ | Card');
INSERT INTO orders (order_id, location_id, staff_id, customer_id, order_type, order_status, total_amount, order_date) VALUES (271, 2, 3, 1, 'takeaway', 'Completed', 51000, '2026-05-27 10:08:06');
INSERT INTO order_item (order_item_id, order_id, item_id, quantity, unit_price, subtotal) VALUES (402, 271, 8, 1, 60000, 60000);
INSERT INTO payment (payment_id, order_id, payment_method, amount_paid) VALUES (267, 271, 'Card', 51000);
INSERT INTO order_promotion (order_id, promotion_id, amount_discounted) VALUES (271, 1, 6000);
INSERT INTO loyalty_transaction (loyalty_txn_id, customer_id, order_id, points_change, txn_type) VALUES (260, 1, 271, 3, 'redeem');
INSERT INTO loyalty_transaction (loyalty_txn_id, customer_id, order_id, points_change, txn_type) VALUES (261, 1, 271, 51, 'earn');
UPDATE customer SET loyalty_points = loyalty_points + 48 WHERE customer_id = 1;
INSERT INTO orders (order_id, location_id, staff_id, customer_id, order_type, order_status, total_amount, order_date) VALUES (272, 1, 5, 14, 'takeaway', 'Completed', 173700, '2026-05-28 20:25:01');
INSERT INTO order_item (order_item_id, order_id, item_id, quantity, unit_price, subtotal) VALUES (403, 272, 4, 1, 65000, 65000);
INSERT INTO order_item (order_item_id, order_id, item_id, quantity, unit_price, subtotal) VALUES (404, 272, 2, 1, 55000, 55000);
INSERT INTO order_item (order_item_id, order_id, item_id, quantity, unit_price, subtotal) VALUES (405, 272, 12, 1, 73000, 73000);
INSERT INTO order_item_modifier (order_item_id, option_id, price_delta_at_sale) VALUES (405, 7, 8000);
INSERT INTO payment (payment_id, order_id, payment_method, amount_paid) VALUES (268, 272, 'Cash', 173700);
INSERT INTO order_promotion (order_id, promotion_id, amount_discounted) VALUES (272, 1, 19300);
INSERT INTO loyalty_transaction (loyalty_txn_id, customer_id, order_id, points_change, txn_type) VALUES (262, 14, 272, 173, 'earn');
UPDATE customer SET loyalty_points = loyalty_points + 173 WHERE customer_id = 14;
INSERT INTO orders (order_id, location_id, staff_id, customer_id, order_type, order_status, total_amount, order_date) VALUES (273, 1, 6, 9, 'takeaway', 'Completed', 32500, '2026-05-28 19:03:44');
INSERT INTO order_item (order_item_id, order_id, item_id, quantity, unit_price, subtotal) VALUES (406, 273, 2, 1, 55000, 55000);
INSERT INTO payment (payment_id, order_id, payment_method, amount_paid) VALUES (269, 273, 'Card', 32500);
INSERT INTO order_promotion (order_id, promotion_id, amount_discounted) VALUES (273, 1, 5500);
INSERT INTO loyalty_transaction (loyalty_txn_id, customer_id, order_id, points_change, txn_type) VALUES (263, 9, 273, 17, 'redeem');
INSERT INTO loyalty_transaction (loyalty_txn_id, customer_id, order_id, points_change, txn_type) VALUES (264, 9, 273, 32, 'earn');
UPDATE customer SET loyalty_points = loyalty_points + 15 WHERE customer_id = 9;
INSERT INTO orders (order_id, location_id, staff_id, customer_id, order_type, order_status, total_amount, order_date) VALUES (274, 1, 2, 7, 'takeaway', 'Completed', 193500, '2026-05-28 14:08:26');
INSERT INTO order_item (order_item_id, order_id, item_id, quantity, unit_price, subtotal) VALUES (407, 274, 7, 2, 75000, 150000);
INSERT INTO order_item_modifier (order_item_id, option_id, price_delta_at_sale) VALUES (407, 14, 10000);
INSERT INTO order_item (order_item_id, order_id, item_id, quantity, unit_price, subtotal) VALUES (408, 274, 3, 1, 65000, 65000);
INSERT INTO order_item_modifier (order_item_id, option_id, price_delta_at_sale) VALUES (408, 2, 10000);
INSERT INTO payment (payment_id, order_id, payment_method, amount_paid) VALUES (270, 274, 'Cash', 193500);
INSERT INTO order_promotion (order_id, promotion_id, amount_discounted) VALUES (274, 1, 21500);
INSERT INTO loyalty_transaction (loyalty_txn_id, customer_id, order_id, points_change, txn_type) VALUES (265, 7, 274, 193, 'earn');
UPDATE customer SET loyalty_points = loyalty_points + 193 WHERE customer_id = 7;
INSERT INTO orders (order_id, location_id, staff_id, customer_id, order_type, order_status, total_amount, order_date) VALUES (275, 1, 5, NULL, 'takeaway', 'Completed', 49500, '2026-05-28 13:58:13');
INSERT INTO order_item (order_item_id, order_id, item_id, quantity, unit_price, subtotal) VALUES (409, 275, 2, 1, 55000, 55000);
INSERT INTO payment (payment_id, order_id, payment_method, amount_paid) VALUES (271, 275, 'Cash', 49500);
INSERT INTO order_promotion (order_id, promotion_id, amount_discounted) VALUES (275, 1, 5500);
INSERT INTO audit_log (log_id, staff_id, action_type, table_affected, record_id, details) VALUES (56, 5, 'CREATE_ORDER', 'orders', 275, 'Order #275 | Total: 49500đ | Cash');
INSERT INTO orders (order_id, location_id, staff_id, customer_id, order_type, order_status, total_amount, order_date) VALUES (276, 1, 1, 3, 'takeaway', 'Completed', 106200, '2026-05-28 12:46:46');
INSERT INTO order_item (order_item_id, order_id, item_id, quantity, unit_price, subtotal) VALUES (410, 276, 2, 1, 63000, 63000);
INSERT INTO order_item_modifier (order_item_id, option_id, price_delta_at_sale) VALUES (410, 6, 8000);
INSERT INTO order_item (order_item_id, order_id, item_id, quantity, unit_price, subtotal) VALUES (411, 276, 2, 1, 55000, 55000);
INSERT INTO payment (payment_id, order_id, payment_method, amount_paid) VALUES (272, 276, 'Mobile', 106200);
INSERT INTO order_promotion (order_id, promotion_id, amount_discounted) VALUES (276, 1, 11800);
INSERT INTO loyalty_transaction (loyalty_txn_id, customer_id, order_id, points_change, txn_type) VALUES (266, 3, 276, 106, 'earn');
UPDATE customer SET loyalty_points = loyalty_points + 106 WHERE customer_id = 3;
INSERT INTO orders (order_id, location_id, staff_id, customer_id, order_type, order_status, total_amount, order_date) VALUES (277, 1, 2, 2, 'pickup', 'Completed', 106200, '2026-05-28 19:56:02');
INSERT INTO order_item (order_item_id, order_id, item_id, quantity, unit_price, subtotal) VALUES (412, 277, 5, 1, 63000, 63000);
INSERT INTO order_item_modifier (order_item_id, option_id, price_delta_at_sale) VALUES (412, 6, 8000);
INSERT INTO order_item (order_item_id, order_id, item_id, quantity, unit_price, subtotal) VALUES (413, 277, 2, 1, 55000, 55000);
INSERT INTO payment (payment_id, order_id, payment_method, amount_paid) VALUES (273, 277, 'Cash', 106200);
INSERT INTO order_promotion (order_id, promotion_id, amount_discounted) VALUES (277, 1, 11800);
INSERT INTO loyalty_transaction (loyalty_txn_id, customer_id, order_id, points_change, txn_type) VALUES (267, 2, 277, 106, 'earn');
UPDATE customer SET loyalty_points = loyalty_points + 106 WHERE customer_id = 2;
INSERT INTO orders (order_id, location_id, staff_id, customer_id, order_type, order_status, total_amount, order_date) VALUES (278, 1, 1, 12, 'pickup', 'Completed', 117000, '2026-05-28 10:24:44');
INSERT INTO order_item (order_item_id, order_id, item_id, quantity, unit_price, subtotal) VALUES (414, 278, 12, 2, 65000, 130000);
INSERT INTO payment (payment_id, order_id, payment_method, amount_paid) VALUES (274, 278, 'Cash', 117000);
INSERT INTO order_promotion (order_id, promotion_id, amount_discounted) VALUES (278, 1, 13000);
INSERT INTO loyalty_transaction (loyalty_txn_id, customer_id, order_id, points_change, txn_type) VALUES (268, 12, 278, 117, 'earn');
UPDATE customer SET loyalty_points = loyalty_points + 117 WHERE customer_id = 12;
INSERT INTO orders (order_id, location_id, staff_id, customer_id, order_type, order_status, total_amount, order_date) VALUES (279, 2, 3, 5, 'takeaway', 'Completed', 85500, '2026-05-28 12:36:43');
INSERT INTO order_item (order_item_id, order_id, item_id, quantity, unit_price, subtotal) VALUES (415, 279, 2, 1, 55000, 55000);
INSERT INTO order_item (order_item_id, order_id, item_id, quantity, unit_price, subtotal) VALUES (416, 279, 11, 1, 40000, 40000);
INSERT INTO payment (payment_id, order_id, payment_method, amount_paid) VALUES (275, 279, 'Mobile', 85500);
INSERT INTO order_promotion (order_id, promotion_id, amount_discounted) VALUES (279, 1, 9500);
INSERT INTO loyalty_transaction (loyalty_txn_id, customer_id, order_id, points_change, txn_type) VALUES (269, 5, 279, 85, 'earn');
UPDATE customer SET loyalty_points = loyalty_points + 85 WHERE customer_id = 5;
INSERT INTO orders (order_id, location_id, staff_id, customer_id, order_type, order_status, total_amount, order_date) VALUES (280, 2, 3, NULL, 'pickup', 'Completed', 40500, '2026-05-28 10:20:00');
INSERT INTO order_item (order_item_id, order_id, item_id, quantity, unit_price, subtotal) VALUES (417, 280, 1, 1, 45000, 45000);
INSERT INTO payment (payment_id, order_id, payment_method, amount_paid) VALUES (276, 280, 'Cash', 40500);
INSERT INTO order_promotion (order_id, promotion_id, amount_discounted) VALUES (280, 1, 4500);
INSERT INTO audit_log (log_id, staff_id, action_type, table_affected, record_id, details) VALUES (57, 3, 'CREATE_ORDER', 'orders', 280, 'Order #280 | Total: 40500đ | Cash');
INSERT INTO orders (order_id, location_id, staff_id, customer_id, order_type, order_status, total_amount, order_date) VALUES (281, 2, 3, 11, 'takeaway', 'Completed', 164700, '2026-05-28 14:09:53');
INSERT INTO order_item (order_item_id, order_id, item_id, quantity, unit_price, subtotal) VALUES (418, 281, 5, 2, 55000, 110000);
INSERT INTO order_item (order_item_id, order_id, item_id, quantity, unit_price, subtotal) VALUES (419, 281, 7, 1, 73000, 73000);
INSERT INTO order_item_modifier (order_item_id, option_id, price_delta_at_sale) VALUES (419, 6, 8000);
INSERT INTO payment (payment_id, order_id, payment_method, amount_paid) VALUES (277, 281, 'Cash', 164700);
INSERT INTO order_promotion (order_id, promotion_id, amount_discounted) VALUES (281, 1, 18300);
INSERT INTO loyalty_transaction (loyalty_txn_id, customer_id, order_id, points_change, txn_type) VALUES (270, 11, 281, 164, 'earn');
UPDATE customer SET loyalty_points = loyalty_points + 164 WHERE customer_id = 11;
INSERT INTO orders (order_id, location_id, staff_id, customer_id, order_type, order_status, total_amount, order_date) VALUES (282, 2, 7, 6, 'takeaway', 'Completed', 36700, '2026-05-28 10:32:14');
INSERT INTO order_item (order_item_id, order_id, item_id, quantity, unit_price, subtotal) VALUES (420, 282, 4, 1, 73000, 73000);
INSERT INTO order_item_modifier (order_item_id, option_id, price_delta_at_sale) VALUES (420, 6, 8000);
INSERT INTO payment (payment_id, order_id, payment_method, amount_paid) VALUES (278, 282, 'Card', 36700);
INSERT INTO order_promotion (order_id, promotion_id, amount_discounted) VALUES (282, 1, 7300);
INSERT INTO loyalty_transaction (loyalty_txn_id, customer_id, order_id, points_change, txn_type) VALUES (271, 6, 282, 29, 'redeem');
INSERT INTO loyalty_transaction (loyalty_txn_id, customer_id, order_id, points_change, txn_type) VALUES (272, 6, 282, 36, 'earn');
UPDATE customer SET loyalty_points = loyalty_points + 7 WHERE customer_id = 6;
INSERT INTO orders (order_id, location_id, staff_id, customer_id, order_type, order_status, total_amount, order_date) VALUES (283, 2, 7, 3, 'pickup', 'Completed', 43500, '2026-05-28 14:06:25');
INSERT INTO order_item (order_item_id, order_id, item_id, quantity, unit_price, subtotal) VALUES (421, 283, 6, 1, 55000, 55000);
INSERT INTO payment (payment_id, order_id, payment_method, amount_paid) VALUES (279, 283, 'Cash', 43500);
INSERT INTO order_promotion (order_id, promotion_id, amount_discounted) VALUES (283, 1, 5500);
INSERT INTO loyalty_transaction (loyalty_txn_id, customer_id, order_id, points_change, txn_type) VALUES (273, 3, 283, 6, 'redeem');
INSERT INTO loyalty_transaction (loyalty_txn_id, customer_id, order_id, points_change, txn_type) VALUES (274, 3, 283, 43, 'earn');
UPDATE customer SET loyalty_points = loyalty_points + 37 WHERE customer_id = 3;
INSERT INTO orders (order_id, location_id, staff_id, customer_id, order_type, order_status, total_amount, order_date) VALUES (284, 1, 2, 15, 'pickup', 'Completed', 49500, '2026-05-29 12:35:49');
INSERT INTO order_item (order_item_id, order_id, item_id, quantity, unit_price, subtotal) VALUES (422, 284, 3, 1, 55000, 55000);
INSERT INTO payment (payment_id, order_id, payment_method, amount_paid) VALUES (280, 284, 'Cash', 49500);
INSERT INTO order_promotion (order_id, promotion_id, amount_discounted) VALUES (284, 1, 5500);
INSERT INTO loyalty_transaction (loyalty_txn_id, customer_id, order_id, points_change, txn_type) VALUES (275, 15, 284, 49, 'earn');
UPDATE customer SET loyalty_points = loyalty_points + 49 WHERE customer_id = 15;
INSERT INTO orders (order_id, location_id, staff_id, customer_id, order_type, order_status, total_amount, order_date) VALUES (285, 1, 1, 4, 'takeaway', 'Completed', 65700, '2026-05-29 18:35:33');
INSERT INTO order_item (order_item_id, order_id, item_id, quantity, unit_price, subtotal) VALUES (423, 285, 7, 1, 73000, 73000);
INSERT INTO order_item_modifier (order_item_id, option_id, price_delta_at_sale) VALUES (423, 6, 8000);
INSERT INTO payment (payment_id, order_id, payment_method, amount_paid) VALUES (281, 285, 'Cash', 65700);
INSERT INTO order_promotion (order_id, promotion_id, amount_discounted) VALUES (285, 1, 7300);
INSERT INTO loyalty_transaction (loyalty_txn_id, customer_id, order_id, points_change, txn_type) VALUES (276, 4, 285, 65, 'earn');
UPDATE customer SET loyalty_points = loyalty_points + 65 WHERE customer_id = 4;
INSERT INTO audit_log (log_id, staff_id, action_type, table_affected, record_id, details) VALUES (58, 1, 'CREATE_ORDER', 'orders', 285, 'Order #285 | Total: 65700đ | Cash');
INSERT INTO orders (order_id, location_id, staff_id, customer_id, order_type, order_status, total_amount, order_date) VALUES (286, 1, 6, 4, 'pickup', 'Cancelled', 9000, '2026-05-29 11:29:52');
INSERT INTO order_item (order_item_id, order_id, item_id, quantity, unit_price, subtotal) VALUES (424, 286, 11, 1, 40000, 40000);
INSERT INTO payment (payment_id, order_id, payment_method, amount_paid) VALUES (282, 286, 'Card', 9000);
INSERT INTO order_promotion (order_id, promotion_id, amount_discounted) VALUES (286, 1, 4000);
INSERT INTO orders (order_id, location_id, staff_id, customer_id, order_type, order_status, total_amount, order_date) VALUES (287, 1, 1, 15, 'pickup', 'Completed', 198000, '2026-05-29 08:59:27');
INSERT INTO order_item (order_item_id, order_id, item_id, quantity, unit_price, subtotal) VALUES (425, 287, 2, 2, 55000, 110000);
INSERT INTO order_item (order_item_id, order_id, item_id, quantity, unit_price, subtotal) VALUES (426, 287, 6, 1, 55000, 55000);
INSERT INTO order_item (order_item_id, order_id, item_id, quantity, unit_price, subtotal) VALUES (427, 287, 6, 1, 55000, 55000);
INSERT INTO payment (payment_id, order_id, payment_method, amount_paid) VALUES (283, 287, 'Card', 198000);
INSERT INTO order_promotion (order_id, promotion_id, amount_discounted) VALUES (287, 1, 22000);
INSERT INTO loyalty_transaction (loyalty_txn_id, customer_id, order_id, points_change, txn_type) VALUES (277, 15, 287, 198, 'earn');
UPDATE customer SET loyalty_points = loyalty_points + 198 WHERE customer_id = 15;
INSERT INTO orders (order_id, location_id, staff_id, customer_id, order_type, order_status, total_amount, order_date) VALUES (288, 1, 6, 11, 'pickup', 'Completed', 114300, '2026-05-29 11:21:18');
INSERT INTO order_item (order_item_id, order_id, item_id, quantity, unit_price, subtotal) VALUES (428, 288, 8, 1, 72000, 72000);
INSERT INTO order_item_modifier (order_item_id, option_id, price_delta_at_sale) VALUES (428, 12, 12000);
INSERT INTO order_item (order_item_id, order_id, item_id, quantity, unit_price, subtotal) VALUES (429, 288, 3, 1, 55000, 55000);
INSERT INTO payment (payment_id, order_id, payment_method, amount_paid) VALUES (284, 288, 'Cash', 114300);
INSERT INTO order_promotion (order_id, promotion_id, amount_discounted) VALUES (288, 1, 12700);
INSERT INTO loyalty_transaction (loyalty_txn_id, customer_id, order_id, points_change, txn_type) VALUES (278, 11, 288, 114, 'earn');
UPDATE customer SET loyalty_points = loyalty_points + 114 WHERE customer_id = 11;
INSERT INTO orders (order_id, location_id, staff_id, customer_id, order_type, order_status, total_amount, order_date) VALUES (289, 1, 5, 7, 'takeaway', 'Completed', 171000, '2026-05-29 08:45:41');
INSERT INTO order_item (order_item_id, order_id, item_id, quantity, unit_price, subtotal) VALUES (430, 289, 8, 2, 70000, 140000);
INSERT INTO order_item_modifier (order_item_id, option_id, price_delta_at_sale) VALUES (430, 14, 10000);
INSERT INTO order_item (order_item_id, order_id, item_id, quantity, unit_price, subtotal) VALUES (431, 289, 11, 1, 50000, 50000);
INSERT INTO order_item_modifier (order_item_id, option_id, price_delta_at_sale) VALUES (431, 2, 10000);
INSERT INTO payment (payment_id, order_id, payment_method, amount_paid) VALUES (285, 289, 'Cash', 171000);
INSERT INTO order_promotion (order_id, promotion_id, amount_discounted) VALUES (289, 1, 19000);
INSERT INTO loyalty_transaction (loyalty_txn_id, customer_id, order_id, points_change, txn_type) VALUES (279, 7, 289, 171, 'earn');
UPDATE customer SET loyalty_points = loyalty_points + 171 WHERE customer_id = 7;
INSERT INTO orders (order_id, location_id, staff_id, customer_id, order_type, order_status, total_amount, order_date) VALUES (290, 1, 6, 10, 'pickup', 'Completed', 21500, '2026-05-29 09:42:03');
INSERT INTO order_item (order_item_id, order_id, item_id, quantity, unit_price, subtotal) VALUES (432, 290, 1, 1, 45000, 45000);
INSERT INTO payment (payment_id, order_id, payment_method, amount_paid) VALUES (286, 290, 'Mobile', 21500);
INSERT INTO order_promotion (order_id, promotion_id, amount_discounted) VALUES (290, 1, 4500);
INSERT INTO loyalty_transaction (loyalty_txn_id, customer_id, order_id, points_change, txn_type) VALUES (280, 10, 290, 19, 'redeem');
INSERT INTO loyalty_transaction (loyalty_txn_id, customer_id, order_id, points_change, txn_type) VALUES (281, 10, 290, 21, 'earn');
UPDATE customer SET loyalty_points = loyalty_points + 2 WHERE customer_id = 10;
INSERT INTO audit_log (log_id, staff_id, action_type, table_affected, record_id, details) VALUES (59, 6, 'CREATE_ORDER', 'orders', 290, 'Order #290 | Total: 21500đ | Mobile');
INSERT INTO orders (order_id, location_id, staff_id, customer_id, order_type, order_status, total_amount, order_date) VALUES (291, 1, 2, 2, 'pickup', 'Completed', 16500, '2026-05-29 12:39:55');
INSERT INTO order_item (order_item_id, order_id, item_id, quantity, unit_price, subtotal) VALUES (433, 291, 4, 1, 65000, 65000);
INSERT INTO payment (payment_id, order_id, payment_method, amount_paid) VALUES (287, 291, 'Cash', 16500);
INSERT INTO order_promotion (order_id, promotion_id, amount_discounted) VALUES (291, 1, 6500);
INSERT INTO loyalty_transaction (loyalty_txn_id, customer_id, order_id, points_change, txn_type) VALUES (282, 2, 291, 42, 'redeem');
INSERT INTO loyalty_transaction (loyalty_txn_id, customer_id, order_id, points_change, txn_type) VALUES (283, 2, 291, 16, 'earn');
UPDATE customer SET loyalty_points = loyalty_points + -26 WHERE customer_id = 2;
INSERT INTO orders (order_id, location_id, staff_id, customer_id, order_type, order_status, total_amount, order_date) VALUES (292, 1, 2, NULL, 'pickup', 'Cancelled', 58500, '2026-05-29 11:50:43');
INSERT INTO order_item (order_item_id, order_id, item_id, quantity, unit_price, subtotal) VALUES (434, 292, 4, 1, 65000, 65000);
INSERT INTO payment (payment_id, order_id, payment_method, amount_paid) VALUES (288, 292, 'Card', 58500);
INSERT INTO order_promotion (order_id, promotion_id, amount_discounted) VALUES (292, 1, 6500);
INSERT INTO orders (order_id, location_id, staff_id, customer_id, order_type, order_status, total_amount, order_date) VALUES (293, 2, 7, 7, 'pickup', 'Completed', 181500, '2026-05-29 13:38:12');
INSERT INTO order_item (order_item_id, order_id, item_id, quantity, unit_price, subtotal) VALUES (435, 293, 8, 1, 60000, 60000);
INSERT INTO order_item (order_item_id, order_id, item_id, quantity, unit_price, subtotal) VALUES (436, 293, 7, 1, 75000, 75000);
INSERT INTO order_item_modifier (order_item_id, option_id, price_delta_at_sale) VALUES (436, 2, 10000);
INSERT INTO order_item (order_item_id, order_id, item_id, quantity, unit_price, subtotal) VALUES (437, 293, 8, 1, 70000, 70000);
INSERT INTO order_item_modifier (order_item_id, option_id, price_delta_at_sale) VALUES (437, 14, 10000);
INSERT INTO payment (payment_id, order_id, payment_method, amount_paid) VALUES (289, 293, 'Mobile', 181500);
INSERT INTO order_promotion (order_id, promotion_id, amount_discounted) VALUES (293, 1, 20500);
INSERT INTO loyalty_transaction (loyalty_txn_id, customer_id, order_id, points_change, txn_type) VALUES (284, 7, 293, 3, 'redeem');
INSERT INTO loyalty_transaction (loyalty_txn_id, customer_id, order_id, points_change, txn_type) VALUES (285, 7, 293, 181, 'earn');
UPDATE customer SET loyalty_points = loyalty_points + 178 WHERE customer_id = 7;
INSERT INTO orders (order_id, location_id, staff_id, customer_id, order_type, order_status, total_amount, order_date) VALUES (294, 2, 7, 5, 'takeaway', 'Completed', 67500, '2026-05-29 16:09:02');
INSERT INTO order_item (order_item_id, order_id, item_id, quantity, unit_price, subtotal) VALUES (438, 294, 4, 1, 75000, 75000);
INSERT INTO order_item_modifier (order_item_id, option_id, price_delta_at_sale) VALUES (438, 2, 10000);
INSERT INTO payment (payment_id, order_id, payment_method, amount_paid) VALUES (290, 294, 'Card', 67500);
INSERT INTO order_promotion (order_id, promotion_id, amount_discounted) VALUES (294, 1, 7500);
INSERT INTO loyalty_transaction (loyalty_txn_id, customer_id, order_id, points_change, txn_type) VALUES (286, 5, 294, 67, 'earn');
UPDATE customer SET loyalty_points = loyalty_points + 67 WHERE customer_id = 5;
INSERT INTO orders (order_id, location_id, staff_id, customer_id, order_type, order_status, total_amount, order_date) VALUES (295, 2, 7, NULL, 'pickup', 'Completed', 115200, '2026-05-29 12:50:32');
INSERT INTO order_item (order_item_id, order_id, item_id, quantity, unit_price, subtotal) VALUES (439, 295, 6, 1, 55000, 55000);
INSERT INTO order_item (order_item_id, order_id, item_id, quantity, unit_price, subtotal) VALUES (440, 295, 12, 1, 73000, 73000);
INSERT INTO order_item_modifier (order_item_id, option_id, price_delta_at_sale) VALUES (440, 6, 8000);
INSERT INTO payment (payment_id, order_id, payment_method, amount_paid) VALUES (291, 295, 'Cash', 115200);
INSERT INTO order_promotion (order_id, promotion_id, amount_discounted) VALUES (295, 1, 12800);
INSERT INTO audit_log (log_id, staff_id, action_type, table_affected, record_id, details) VALUES (60, 7, 'CREATE_ORDER', 'orders', 295, 'Order #295 | Total: 115200đ | Cash');
INSERT INTO orders (order_id, location_id, staff_id, customer_id, order_type, order_status, total_amount, order_date) VALUES (296, 2, 7, 12, 'pickup', 'Completed', 128700, '2026-05-29 18:41:00');
INSERT INTO order_item (order_item_id, order_id, item_id, quantity, unit_price, subtotal) VALUES (441, 296, 6, 1, 63000, 63000);
INSERT INTO order_item_modifier (order_item_id, option_id, price_delta_at_sale) VALUES (441, 6, 8000);
INSERT INTO order_item (order_item_id, order_id, item_id, quantity, unit_price, subtotal) VALUES (442, 296, 13, 2, 40000, 80000);
INSERT INTO payment (payment_id, order_id, payment_method, amount_paid) VALUES (292, 296, 'Cash', 128700);
INSERT INTO order_promotion (order_id, promotion_id, amount_discounted) VALUES (296, 1, 14300);
INSERT INTO loyalty_transaction (loyalty_txn_id, customer_id, order_id, points_change, txn_type) VALUES (287, 12, 296, 128, 'earn');
UPDATE customer SET loyalty_points = loyalty_points + 128 WHERE customer_id = 12;
INSERT INTO orders (order_id, location_id, staff_id, customer_id, order_type, order_status, total_amount, order_date) VALUES (297, 1, 6, 4, 'pickup', 'Completed', 90000, '2026-05-30 17:32:51');
INSERT INTO order_item (order_item_id, order_id, item_id, quantity, unit_price, subtotal) VALUES (443, 297, 1, 1, 45000, 45000);
INSERT INTO order_item (order_item_id, order_id, item_id, quantity, unit_price, subtotal) VALUES (444, 297, 6, 1, 55000, 55000);
INSERT INTO payment (payment_id, order_id, payment_method, amount_paid) VALUES (293, 297, 'Cash', 90000);
INSERT INTO order_promotion (order_id, promotion_id, amount_discounted) VALUES (297, 1, 10000);
INSERT INTO loyalty_transaction (loyalty_txn_id, customer_id, order_id, points_change, txn_type) VALUES (288, 4, 297, 90, 'earn');
UPDATE customer SET loyalty_points = loyalty_points + 90 WHERE customer_id = 4;
INSERT INTO orders (order_id, location_id, staff_id, customer_id, order_type, order_status, total_amount, order_date) VALUES (298, 1, 1, 6, 'takeaway', 'Completed', 138600, '2026-05-30 09:43:27');
INSERT INTO order_item (order_item_id, order_id, item_id, quantity, unit_price, subtotal) VALUES (445, 298, 7, 2, 77000, 154000);
INSERT INTO order_item_modifier (order_item_id, option_id, price_delta_at_sale) VALUES (445, 12, 12000);
INSERT INTO payment (payment_id, order_id, payment_method, amount_paid) VALUES (294, 298, 'Card', 138600);
INSERT INTO order_promotion (order_id, promotion_id, amount_discounted) VALUES (298, 1, 15400);
INSERT INTO loyalty_transaction (loyalty_txn_id, customer_id, order_id, points_change, txn_type) VALUES (289, 6, 298, 138, 'earn');
UPDATE customer SET loyalty_points = loyalty_points + 138 WHERE customer_id = 6;
INSERT INTO orders (order_id, location_id, staff_id, customer_id, order_type, order_status, total_amount, order_date) VALUES (299, 1, 2, 1, 'pickup', 'Completed', 49500, '2026-05-30 09:16:35');
INSERT INTO order_item (order_item_id, order_id, item_id, quantity, unit_price, subtotal) VALUES (446, 299, 2, 1, 55000, 55000);
INSERT INTO payment (payment_id, order_id, payment_method, amount_paid) VALUES (295, 299, 'Card', 49500);
INSERT INTO order_promotion (order_id, promotion_id, amount_discounted) VALUES (299, 1, 5500);
INSERT INTO loyalty_transaction (loyalty_txn_id, customer_id, order_id, points_change, txn_type) VALUES (290, 1, 299, 49, 'earn');
UPDATE customer SET loyalty_points = loyalty_points + 49 WHERE customer_id = 1;
INSERT INTO orders (order_id, location_id, staff_id, customer_id, order_type, order_status, total_amount, order_date) VALUES (300, 1, 6, 13, 'pickup', 'Completed', 44500, '2026-05-30 06:46:39');
INSERT INTO order_item (order_item_id, order_id, item_id, quantity, unit_price, subtotal) VALUES (447, 300, 2, 1, 55000, 55000);
INSERT INTO payment (payment_id, order_id, payment_method, amount_paid) VALUES (296, 300, 'Cash', 44500);
INSERT INTO order_promotion (order_id, promotion_id, amount_discounted) VALUES (300, 1, 5500);
INSERT INTO loyalty_transaction (loyalty_txn_id, customer_id, order_id, points_change, txn_type) VALUES (291, 13, 300, 5, 'redeem');
INSERT INTO loyalty_transaction (loyalty_txn_id, customer_id, order_id, points_change, txn_type) VALUES (292, 13, 300, 44, 'earn');
UPDATE customer SET loyalty_points = loyalty_points + 39 WHERE customer_id = 13;
INSERT INTO audit_log (log_id, staff_id, action_type, table_affected, record_id, details) VALUES (61, 6, 'CREATE_ORDER', 'orders', 300, 'Order #300 | Total: 44500đ | Cash');
INSERT INTO orders (order_id, location_id, staff_id, customer_id, order_type, order_status, total_amount, order_date) VALUES (301, 1, 1, 10, 'pickup', 'Completed', 17200, '2026-05-30 11:52:42');
INSERT INTO order_item (order_item_id, order_id, item_id, quantity, unit_price, subtotal) VALUES (448, 301, 11, 1, 48000, 48000);
INSERT INTO order_item_modifier (order_item_id, option_id, price_delta_at_sale) VALUES (448, 6, 8000);
INSERT INTO payment (payment_id, order_id, payment_method, amount_paid) VALUES (297, 301, 'Card', 17200);
INSERT INTO order_promotion (order_id, promotion_id, amount_discounted) VALUES (301, 1, 4800);
INSERT INTO loyalty_transaction (loyalty_txn_id, customer_id, order_id, points_change, txn_type) VALUES (293, 10, 301, 26, 'redeem');
INSERT INTO loyalty_transaction (loyalty_txn_id, customer_id, order_id, points_change, txn_type) VALUES (294, 10, 301, 17, 'earn');
UPDATE customer SET loyalty_points = loyalty_points + -9 WHERE customer_id = 10;
INSERT INTO orders (order_id, location_id, staff_id, customer_id, order_type, order_status, total_amount, order_date) VALUES (302, 1, 5, 5, 'pickup', 'Completed', 210900, '2026-05-30 21:35:55');
INSERT INTO order_item (order_item_id, order_id, item_id, quantity, unit_price, subtotal) VALUES (449, 302, 9, 1, 65000, 65000);
INSERT INTO order_item_modifier (order_item_id, option_id, price_delta_at_sale) VALUES (449, 2, 10000);
INSERT INTO order_item (order_item_id, order_id, item_id, quantity, unit_price, subtotal) VALUES (450, 302, 8, 1, 70000, 70000);
INSERT INTO order_item_modifier (order_item_id, option_id, price_delta_at_sale) VALUES (450, 14, 10000);
INSERT INTO order_item (order_item_id, order_id, item_id, quantity, unit_price, subtotal) VALUES (451, 302, 4, 2, 73000, 146000);
INSERT INTO order_item_modifier (order_item_id, option_id, price_delta_at_sale) VALUES (451, 7, 8000);
INSERT INTO payment (payment_id, order_id, payment_method, amount_paid) VALUES (298, 302, 'Card', 210900);
INSERT INTO order_promotion (order_id, promotion_id, amount_discounted) VALUES (302, 1, 28100);
INSERT INTO loyalty_transaction (loyalty_txn_id, customer_id, order_id, points_change, txn_type) VALUES (295, 5, 302, 42, 'redeem');
INSERT INTO loyalty_transaction (loyalty_txn_id, customer_id, order_id, points_change, txn_type) VALUES (296, 5, 302, 210, 'earn');
UPDATE customer SET loyalty_points = loyalty_points + 168 WHERE customer_id = 5;
INSERT INTO orders (order_id, location_id, staff_id, customer_id, order_type, order_status, total_amount, order_date) VALUES (303, 1, 2, 6, 'takeaway', 'Completed', 198000, '2026-05-30 18:54:03');
INSERT INTO order_item (order_item_id, order_id, item_id, quantity, unit_price, subtotal) VALUES (452, 303, 3, 2, 55000, 110000);
INSERT INTO order_item (order_item_id, order_id, item_id, quantity, unit_price, subtotal) VALUES (453, 303, 2, 2, 55000, 110000);
INSERT INTO payment (payment_id, order_id, payment_method, amount_paid) VALUES (299, 303, 'Cash', 198000);
INSERT INTO order_promotion (order_id, promotion_id, amount_discounted) VALUES (303, 1, 22000);
INSERT INTO loyalty_transaction (loyalty_txn_id, customer_id, order_id, points_change, txn_type) VALUES (297, 6, 303, 198, 'earn');
UPDATE customer SET loyalty_points = loyalty_points + 198 WHERE customer_id = 6;
INSERT INTO orders (order_id, location_id, staff_id, customer_id, order_type, order_status, total_amount, order_date) VALUES (304, 1, 1, 9, 'takeaway', 'Completed', 124200, '2026-05-30 15:15:06');
INSERT INTO order_item (order_item_id, order_id, item_id, quantity, unit_price, subtotal) VALUES (454, 304, 12, 1, 73000, 73000);
INSERT INTO order_item_modifier (order_item_id, option_id, price_delta_at_sale) VALUES (454, 6, 8000);
INSERT INTO order_item (order_item_id, order_id, item_id, quantity, unit_price, subtotal) VALUES (455, 304, 4, 1, 65000, 65000);
INSERT INTO payment (payment_id, order_id, payment_method, amount_paid) VALUES (300, 304, 'Cash', 124200);
INSERT INTO order_promotion (order_id, promotion_id, amount_discounted) VALUES (304, 1, 13800);
INSERT INTO loyalty_transaction (loyalty_txn_id, customer_id, order_id, points_change, txn_type) VALUES (298, 9, 304, 124, 'earn');
UPDATE customer SET loyalty_points = loyalty_points + 124 WHERE customer_id = 9;
INSERT INTO orders (order_id, location_id, staff_id, customer_id, order_type, order_status, total_amount, order_date) VALUES (305, 1, 2, 12, 'pickup', 'Completed', 9700, '2026-05-30 18:45:47');
INSERT INTO order_item (order_item_id, order_id, item_id, quantity, unit_price, subtotal) VALUES (456, 305, 3, 1, 63000, 63000);
INSERT INTO order_item_modifier (order_item_id, option_id, price_delta_at_sale) VALUES (456, 7, 8000);
INSERT INTO payment (payment_id, order_id, payment_method, amount_paid) VALUES (301, 305, 'Mobile', 9700);
INSERT INTO order_promotion (order_id, promotion_id, amount_discounted) VALUES (305, 1, 6300);
INSERT INTO loyalty_transaction (loyalty_txn_id, customer_id, order_id, points_change, txn_type) VALUES (299, 12, 305, 47, 'redeem');
INSERT INTO loyalty_transaction (loyalty_txn_id, customer_id, order_id, points_change, txn_type) VALUES (300, 12, 305, 9, 'earn');
UPDATE customer SET loyalty_points = loyalty_points + -38 WHERE customer_id = 12;
INSERT INTO audit_log (log_id, staff_id, action_type, table_affected, record_id, details) VALUES (62, 2, 'CREATE_ORDER', 'orders', 305, 'Order #305 | Total: 9700đ | Mobile');
INSERT INTO orders (order_id, location_id, staff_id, customer_id, order_type, order_status, total_amount, order_date) VALUES (306, 1, 6, 15, 'pickup', 'Completed', 64000, '2026-05-30 09:38:05');
INSERT INTO order_item (order_item_id, order_id, item_id, quantity, unit_price, subtotal) VALUES (457, 306, 6, 2, 55000, 110000);
INSERT INTO payment (payment_id, order_id, payment_method, amount_paid) VALUES (302, 306, 'Cash', 64000);
INSERT INTO order_promotion (order_id, promotion_id, amount_discounted) VALUES (306, 1, 11000);
INSERT INTO loyalty_transaction (loyalty_txn_id, customer_id, order_id, points_change, txn_type) VALUES (301, 15, 306, 35, 'redeem');
INSERT INTO loyalty_transaction (loyalty_txn_id, customer_id, order_id, points_change, txn_type) VALUES (302, 15, 306, 64, 'earn');
UPDATE customer SET loyalty_points = loyalty_points + 29 WHERE customer_id = 15;
INSERT INTO orders (order_id, location_id, staff_id, customer_id, order_type, order_status, total_amount, order_date) VALUES (307, 1, 1, 3, 'takeaway', 'Completed', 108000, '2026-05-30 17:13:58');
INSERT INTO order_item (order_item_id, order_id, item_id, quantity, unit_price, subtotal) VALUES (458, 307, 9, 1, 65000, 65000);
INSERT INTO order_item_modifier (order_item_id, option_id, price_delta_at_sale) VALUES (458, 14, 10000);
INSERT INTO order_item (order_item_id, order_id, item_id, quantity, unit_price, subtotal) VALUES (459, 307, 6, 1, 55000, 55000);
INSERT INTO payment (payment_id, order_id, payment_method, amount_paid) VALUES (303, 307, 'Mobile', 108000);
INSERT INTO order_promotion (order_id, promotion_id, amount_discounted) VALUES (307, 1, 12000);
INSERT INTO loyalty_transaction (loyalty_txn_id, customer_id, order_id, points_change, txn_type) VALUES (303, 3, 307, 108, 'earn');
UPDATE customer SET loyalty_points = loyalty_points + 108 WHERE customer_id = 3;
INSERT INTO orders (order_id, location_id, staff_id, customer_id, order_type, order_status, total_amount, order_date) VALUES (308, 1, 5, 5, 'pickup', 'Completed', 117000, '2026-05-30 06:15:54');
INSERT INTO order_item (order_item_id, order_id, item_id, quantity, unit_price, subtotal) VALUES (460, 308, 4, 2, 65000, 130000);
INSERT INTO payment (payment_id, order_id, payment_method, amount_paid) VALUES (304, 308, 'Card', 117000);
INSERT INTO order_promotion (order_id, promotion_id, amount_discounted) VALUES (308, 1, 13000);
INSERT INTO loyalty_transaction (loyalty_txn_id, customer_id, order_id, points_change, txn_type) VALUES (304, 5, 308, 117, 'earn');
UPDATE customer SET loyalty_points = loyalty_points + 117 WHERE customer_id = 5;
INSERT INTO orders (order_id, location_id, staff_id, customer_id, order_type, order_status, total_amount, order_date) VALUES (309, 2, 3, 15, 'takeaway', 'Completed', 157500, '2026-05-30 12:22:02');
INSERT INTO order_item (order_item_id, order_id, item_id, quantity, unit_price, subtotal) VALUES (461, 309, 7, 1, 65000, 65000);
INSERT INTO order_item (order_item_id, order_id, item_id, quantity, unit_price, subtotal) VALUES (462, 309, 13, 1, 50000, 50000);
INSERT INTO order_item_modifier (order_item_id, option_id, price_delta_at_sale) VALUES (462, 2, 10000);
INSERT INTO order_item (order_item_id, order_id, item_id, quantity, unit_price, subtotal) VALUES (463, 309, 8, 1, 60000, 60000);
INSERT INTO payment (payment_id, order_id, payment_method, amount_paid) VALUES (305, 309, 'Cash', 157500);
INSERT INTO order_promotion (order_id, promotion_id, amount_discounted) VALUES (309, 1, 17500);
INSERT INTO loyalty_transaction (loyalty_txn_id, customer_id, order_id, points_change, txn_type) VALUES (305, 15, 309, 157, 'earn');
UPDATE customer SET loyalty_points = loyalty_points + 157 WHERE customer_id = 15;
INSERT INTO orders (order_id, location_id, staff_id, customer_id, order_type, order_status, total_amount, order_date) VALUES (310, 2, 7, 2, 'takeaway', 'Completed', 126000, '2026-05-30 12:53:17');
INSERT INTO order_item (order_item_id, order_id, item_id, quantity, unit_price, subtotal) VALUES (464, 310, 8, 2, 70000, 140000);
INSERT INTO order_item_modifier (order_item_id, option_id, price_delta_at_sale) VALUES (464, 14, 10000);
INSERT INTO payment (payment_id, order_id, payment_method, amount_paid) VALUES (306, 310, 'Mobile', 126000);
INSERT INTO order_promotion (order_id, promotion_id, amount_discounted) VALUES (310, 1, 14000);
INSERT INTO loyalty_transaction (loyalty_txn_id, customer_id, order_id, points_change, txn_type) VALUES (306, 2, 310, 126, 'earn');
UPDATE customer SET loyalty_points = loyalty_points + 126 WHERE customer_id = 2;
INSERT INTO audit_log (log_id, staff_id, action_type, table_affected, record_id, details) VALUES (63, 7, 'CREATE_ORDER', 'orders', 310, 'Order #310 | Total: 126000đ | Mobile');
INSERT INTO orders (order_id, location_id, staff_id, customer_id, order_type, order_status, total_amount, order_date) VALUES (311, 2, 7, 12, 'takeaway', 'Completed', 72000, '2026-05-30 12:22:52');
INSERT INTO order_item (order_item_id, order_id, item_id, quantity, unit_price, subtotal) VALUES (465, 311, 11, 2, 40000, 80000);
INSERT INTO payment (payment_id, order_id, payment_method, amount_paid) VALUES (307, 311, 'Card', 72000);
INSERT INTO order_promotion (order_id, promotion_id, amount_discounted) VALUES (311, 1, 8000);
INSERT INTO loyalty_transaction (loyalty_txn_id, customer_id, order_id, points_change, txn_type) VALUES (307, 12, 311, 72, 'earn');
UPDATE customer SET loyalty_points = loyalty_points + 72 WHERE customer_id = 12;
INSERT INTO orders (order_id, location_id, staff_id, customer_id, order_type, order_status, total_amount, order_date) VALUES (312, 2, 3, 15, 'takeaway', 'Completed', 49500, '2026-05-30 09:10:23');
INSERT INTO order_item (order_item_id, order_id, item_id, quantity, unit_price, subtotal) VALUES (466, 312, 3, 1, 55000, 55000);
INSERT INTO payment (payment_id, order_id, payment_method, amount_paid) VALUES (308, 312, 'Cash', 49500);
INSERT INTO order_promotion (order_id, promotion_id, amount_discounted) VALUES (312, 1, 5500);
INSERT INTO loyalty_transaction (loyalty_txn_id, customer_id, order_id, points_change, txn_type) VALUES (308, 15, 312, 49, 'earn');
UPDATE customer SET loyalty_points = loyalty_points + 49 WHERE customer_id = 15;
INSERT INTO orders (order_id, location_id, staff_id, customer_id, order_type, order_status, total_amount, order_date) VALUES (313, 2, 7, 4, 'pickup', 'Completed', 17500, '2026-05-30 14:26:01');
INSERT INTO order_item (order_item_id, order_id, item_id, quantity, unit_price, subtotal) VALUES (467, 313, 6, 1, 65000, 65000);
INSERT INTO order_item_modifier (order_item_id, option_id, price_delta_at_sale) VALUES (467, 14, 10000);
INSERT INTO payment (payment_id, order_id, payment_method, amount_paid) VALUES (309, 313, 'Card', 17500);
INSERT INTO order_promotion (order_id, promotion_id, amount_discounted) VALUES (313, 1, 6500);
INSERT INTO loyalty_transaction (loyalty_txn_id, customer_id, order_id, points_change, txn_type) VALUES (309, 4, 313, 41, 'redeem');
INSERT INTO loyalty_transaction (loyalty_txn_id, customer_id, order_id, points_change, txn_type) VALUES (310, 4, 313, 17, 'earn');
UPDATE customer SET loyalty_points = loyalty_points + -24 WHERE customer_id = 4;
INSERT INTO orders (order_id, location_id, staff_id, customer_id, order_type, order_status, total_amount, order_date) VALUES (314, 2, 3, 2, 'takeaway', 'Completed', 58500, '2026-05-30 13:36:40');
INSERT INTO order_item (order_item_id, order_id, item_id, quantity, unit_price, subtotal) VALUES (468, 314, 12, 1, 65000, 65000);
INSERT INTO payment (payment_id, order_id, payment_method, amount_paid) VALUES (310, 314, 'Cash', 58500);
INSERT INTO order_promotion (order_id, promotion_id, amount_discounted) VALUES (314, 1, 6500);
INSERT INTO loyalty_transaction (loyalty_txn_id, customer_id, order_id, points_change, txn_type) VALUES (311, 2, 314, 58, 'earn');
UPDATE customer SET loyalty_points = loyalty_points + 58 WHERE customer_id = 2;
INSERT INTO orders (order_id, location_id, staff_id, customer_id, order_type, order_status, total_amount, order_date) VALUES (315, 1, 6, NULL, 'pickup', 'Completed', 164700, '2026-05-31 18:11:39');
INSERT INTO order_item (order_item_id, order_id, item_id, quantity, unit_price, subtotal) VALUES (469, 315, 7, 1, 73000, 73000);
INSERT INTO order_item_modifier (order_item_id, option_id, price_delta_at_sale) VALUES (469, 7, 8000);
INSERT INTO order_item (order_item_id, order_id, item_id, quantity, unit_price, subtotal) VALUES (470, 315, 9, 2, 55000, 110000);
INSERT INTO payment (payment_id, order_id, payment_method, amount_paid) VALUES (311, 315, 'Cash', 164700);
INSERT INTO order_promotion (order_id, promotion_id, amount_discounted) VALUES (315, 1, 18300);
INSERT INTO audit_log (log_id, staff_id, action_type, table_affected, record_id, details) VALUES (64, 6, 'CREATE_ORDER', 'orders', 315, 'Order #315 | Total: 164700đ | Cash');
INSERT INTO orders (order_id, location_id, staff_id, customer_id, order_type, order_status, total_amount, order_date) VALUES (316, 1, 6, 13, 'takeaway', 'Completed', 42300, '2026-05-31 12:26:52');
INSERT INTO order_item (order_item_id, order_id, item_id, quantity, unit_price, subtotal) VALUES (471, 316, 10, 1, 47000, 47000);
INSERT INTO order_item_modifier (order_item_id, option_id, price_delta_at_sale) VALUES (471, 12, 12000);
INSERT INTO payment (payment_id, order_id, payment_method, amount_paid) VALUES (312, 316, 'Cash', 42300);
INSERT INTO order_promotion (order_id, promotion_id, amount_discounted) VALUES (316, 1, 4700);
INSERT INTO loyalty_transaction (loyalty_txn_id, customer_id, order_id, points_change, txn_type) VALUES (312, 13, 316, 42, 'earn');
UPDATE customer SET loyalty_points = loyalty_points + 42 WHERE customer_id = 13;
INSERT INTO orders (order_id, location_id, staff_id, customer_id, order_type, order_status, total_amount, order_date) VALUES (317, 1, 1, 3, 'pickup', 'Completed', 207000, '2026-05-31 15:27:33');
INSERT INTO order_item (order_item_id, order_id, item_id, quantity, unit_price, subtotal) VALUES (472, 317, 6, 1, 55000, 55000);
INSERT INTO order_item (order_item_id, order_id, item_id, quantity, unit_price, subtotal) VALUES (473, 317, 1, 1, 45000, 45000);
INSERT INTO order_item (order_item_id, order_id, item_id, quantity, unit_price, subtotal) VALUES (474, 317, 12, 2, 65000, 130000);
INSERT INTO payment (payment_id, order_id, payment_method, amount_paid) VALUES (313, 317, 'Card', 207000);
INSERT INTO order_promotion (order_id, promotion_id, amount_discounted) VALUES (317, 1, 23000);
INSERT INTO loyalty_transaction (loyalty_txn_id, customer_id, order_id, points_change, txn_type) VALUES (313, 3, 317, 207, 'earn');
UPDATE customer SET loyalty_points = loyalty_points + 207 WHERE customer_id = 3;
INSERT INTO orders (order_id, location_id, staff_id, customer_id, order_type, order_status, total_amount, order_date) VALUES (318, 1, 1, 14, 'takeaway', 'Completed', 103500, '2026-05-31 13:34:26');
INSERT INTO order_item (order_item_id, order_id, item_id, quantity, unit_price, subtotal) VALUES (475, 318, 11, 1, 50000, 50000);
INSERT INTO order_item_modifier (order_item_id, option_id, price_delta_at_sale) VALUES (475, 2, 10000);
INSERT INTO order_item (order_item_id, order_id, item_id, quantity, unit_price, subtotal) VALUES (476, 318, 2, 1, 65000, 65000);
INSERT INTO order_item_modifier (order_item_id, option_id, price_delta_at_sale) VALUES (476, 2, 10000);
INSERT INTO payment (payment_id, order_id, payment_method, amount_paid) VALUES (314, 318, 'Cash', 103500);
INSERT INTO order_promotion (order_id, promotion_id, amount_discounted) VALUES (318, 1, 11500);
INSERT INTO loyalty_transaction (loyalty_txn_id, customer_id, order_id, points_change, txn_type) VALUES (314, 14, 318, 103, 'earn');
UPDATE customer SET loyalty_points = loyalty_points + 103 WHERE customer_id = 14;
INSERT INTO orders (order_id, location_id, staff_id, customer_id, order_type, order_status, total_amount, order_date) VALUES (319, 1, 5, 14, 'pickup', 'Completed', 49500, '2026-05-31 10:34:27');
INSERT INTO order_item (order_item_id, order_id, item_id, quantity, unit_price, subtotal) VALUES (477, 319, 6, 1, 55000, 55000);
INSERT INTO payment (payment_id, order_id, payment_method, amount_paid) VALUES (315, 319, 'Cash', 49500);
INSERT INTO order_promotion (order_id, promotion_id, amount_discounted) VALUES (319, 1, 5500);
INSERT INTO loyalty_transaction (loyalty_txn_id, customer_id, order_id, points_change, txn_type) VALUES (315, 14, 319, 49, 'earn');
UPDATE customer SET loyalty_points = loyalty_points + 49 WHERE customer_id = 14;
INSERT INTO orders (order_id, location_id, staff_id, customer_id, order_type, order_status, total_amount, order_date) VALUES (320, 1, 2, 14, 'pickup', 'Completed', 94500, '2026-05-31 13:49:45');
INSERT INTO order_item (order_item_id, order_id, item_id, quantity, unit_price, subtotal) VALUES (478, 320, 5, 1, 65000, 65000);
INSERT INTO order_item_modifier (order_item_id, option_id, price_delta_at_sale) VALUES (478, 2, 10000);
INSERT INTO order_item (order_item_id, order_id, item_id, quantity, unit_price, subtotal) VALUES (479, 320, 13, 1, 40000, 40000);
INSERT INTO payment (payment_id, order_id, payment_method, amount_paid) VALUES (316, 320, 'Cash', 94500);
INSERT INTO order_promotion (order_id, promotion_id, amount_discounted) VALUES (320, 1, 10500);
INSERT INTO loyalty_transaction (loyalty_txn_id, customer_id, order_id, points_change, txn_type) VALUES (316, 14, 320, 94, 'earn');
UPDATE customer SET loyalty_points = loyalty_points + 94 WHERE customer_id = 14;
INSERT INTO audit_log (log_id, staff_id, action_type, table_affected, record_id, details) VALUES (65, 2, 'CREATE_ORDER', 'orders', 320, 'Order #320 | Total: 94500đ | Cash');
INSERT INTO orders (order_id, location_id, staff_id, customer_id, order_type, order_status, total_amount, order_date) VALUES (321, 1, 2, NULL, 'pickup', 'Completed', 119700, '2026-05-31 08:24:40');
INSERT INTO order_item (order_item_id, order_id, item_id, quantity, unit_price, subtotal) VALUES (480, 321, 7, 1, 73000, 73000);
INSERT INTO order_item_modifier (order_item_id, option_id, price_delta_at_sale) VALUES (480, 6, 8000);
INSERT INTO order_item (order_item_id, order_id, item_id, quantity, unit_price, subtotal) VALUES (481, 321, 8, 1, 60000, 60000);
INSERT INTO payment (payment_id, order_id, payment_method, amount_paid) VALUES (317, 321, 'Card', 119700);
INSERT INTO order_promotion (order_id, promotion_id, amount_discounted) VALUES (321, 1, 13300);
INSERT INTO orders (order_id, location_id, staff_id, customer_id, order_type, order_status, total_amount, order_date) VALUES (322, 2, 7, 8, 'pickup', 'Completed', 58500, '2026-05-31 22:39:41');
INSERT INTO order_item (order_item_id, order_id, item_id, quantity, unit_price, subtotal) VALUES (482, 322, 4, 1, 65000, 65000);
INSERT INTO payment (payment_id, order_id, payment_method, amount_paid) VALUES (318, 322, 'Cash', 58500);
INSERT INTO order_promotion (order_id, promotion_id, amount_discounted) VALUES (322, 1, 6500);
INSERT INTO loyalty_transaction (loyalty_txn_id, customer_id, order_id, points_change, txn_type) VALUES (317, 8, 322, 58, 'earn');
UPDATE customer SET loyalty_points = loyalty_points + 58 WHERE customer_id = 8;
INSERT INTO orders (order_id, location_id, staff_id, customer_id, order_type, order_status, total_amount, order_date) VALUES (323, 2, 3, NULL, 'pickup', 'Completed', 85500, '2026-05-31 09:50:38');
INSERT INTO order_item (order_item_id, order_id, item_id, quantity, unit_price, subtotal) VALUES (483, 323, 11, 1, 40000, 40000);
INSERT INTO order_item (order_item_id, order_id, item_id, quantity, unit_price, subtotal) VALUES (484, 323, 6, 1, 55000, 55000);
INSERT INTO payment (payment_id, order_id, payment_method, amount_paid) VALUES (319, 323, 'Cash', 85500);
INSERT INTO order_promotion (order_id, promotion_id, amount_discounted) VALUES (323, 1, 9500);
INSERT INTO orders (order_id, location_id, staff_id, customer_id, order_type, order_status, total_amount, order_date) VALUES (324, 2, 3, 6, 'takeaway', 'Completed', 126000, '2026-05-31 13:33:00');
INSERT INTO order_item (order_item_id, order_id, item_id, quantity, unit_price, subtotal) VALUES (485, 324, 4, 1, 75000, 75000);
INSERT INTO order_item_modifier (order_item_id, option_id, price_delta_at_sale) VALUES (485, 2, 10000);
INSERT INTO order_item (order_item_id, order_id, item_id, quantity, unit_price, subtotal) VALUES (486, 324, 4, 1, 65000, 65000);
INSERT INTO payment (payment_id, order_id, payment_method, amount_paid) VALUES (320, 324, 'Mobile', 126000);
INSERT INTO order_promotion (order_id, promotion_id, amount_discounted) VALUES (324, 1, 14000);
INSERT INTO loyalty_transaction (loyalty_txn_id, customer_id, order_id, points_change, txn_type) VALUES (318, 6, 324, 126, 'earn');
UPDATE customer SET loyalty_points = loyalty_points + 126 WHERE customer_id = 6;
INSERT INTO orders (order_id, location_id, staff_id, customer_id, order_type, order_status, total_amount, order_date) VALUES (325, 2, 7, 9, 'takeaway', 'Completed', 45000, '2026-05-31 13:16:11');
INSERT INTO order_item (order_item_id, order_id, item_id, quantity, unit_price, subtotal) VALUES (487, 325, 11, 1, 50000, 50000);
INSERT INTO order_item_modifier (order_item_id, option_id, price_delta_at_sale) VALUES (487, 2, 10000);
INSERT INTO payment (payment_id, order_id, payment_method, amount_paid) VALUES (321, 325, 'Card', 45000);
INSERT INTO order_promotion (order_id, promotion_id, amount_discounted) VALUES (325, 1, 5000);
INSERT INTO loyalty_transaction (loyalty_txn_id, customer_id, order_id, points_change, txn_type) VALUES (319, 9, 325, 45, 'earn');
UPDATE customer SET loyalty_points = loyalty_points + 45 WHERE customer_id = 9;
INSERT INTO audit_log (log_id, staff_id, action_type, table_affected, record_id, details) VALUES (66, 7, 'CREATE_ORDER', 'orders', 325, 'Order #325 | Total: 45000đ | Card');
INSERT INTO orders (order_id, location_id, staff_id, customer_id, order_type, order_status, total_amount, order_date) VALUES (326, 2, 3, NULL, 'pickup', 'Completed', 157500, '2026-05-31 22:36:30');
INSERT INTO order_item (order_item_id, order_id, item_id, quantity, unit_price, subtotal) VALUES (488, 326, 6, 1, 55000, 55000);
INSERT INTO order_item (order_item_id, order_id, item_id, quantity, unit_price, subtotal) VALUES (489, 326, 8, 2, 60000, 120000);
INSERT INTO payment (payment_id, order_id, payment_method, amount_paid) VALUES (322, 326, 'Mobile', 157500);
INSERT INTO order_promotion (order_id, promotion_id, amount_discounted) VALUES (326, 1, 17500);
INSERT INTO orders (order_id, location_id, staff_id, customer_id, order_type, order_status, total_amount, order_date) VALUES (327, 1, 6, 4, 'pickup', 'Completed', 120000, '2026-06-01 09:20:26');
INSERT INTO order_item (order_item_id, order_id, item_id, quantity, unit_price, subtotal) VALUES (490, 327, 13, 2, 40000, 80000);
INSERT INTO order_item (order_item_id, order_id, item_id, quantity, unit_price, subtotal) VALUES (491, 327, 8, 1, 60000, 60000);
INSERT INTO payment (payment_id, order_id, payment_method, amount_paid) VALUES (323, 327, 'Cash', 120000);
INSERT INTO order_promotion (order_id, promotion_id, amount_discounted) VALUES (327, 1, 14000);
INSERT INTO loyalty_transaction (loyalty_txn_id, customer_id, order_id, points_change, txn_type) VALUES (320, 4, 327, 6, 'redeem');
INSERT INTO loyalty_transaction (loyalty_txn_id, customer_id, order_id, points_change, txn_type) VALUES (321, 4, 327, 120, 'earn');
UPDATE customer SET loyalty_points = loyalty_points + 114 WHERE customer_id = 4;
INSERT INTO orders (order_id, location_id, staff_id, customer_id, order_type, order_status, total_amount, order_date) VALUES (328, 1, 5, 3, 'takeaway', 'Completed', 70400, '2026-06-01 10:47:43');
INSERT INTO order_item (order_item_id, order_id, item_id, quantity, unit_price, subtotal) VALUES (492, 328, 11, 2, 48000, 96000);
INSERT INTO order_item_modifier (order_item_id, option_id, price_delta_at_sale) VALUES (492, 6, 8000);
INSERT INTO payment (payment_id, order_id, payment_method, amount_paid) VALUES (324, 328, 'Cash', 70400);
INSERT INTO order_promotion (order_id, promotion_id, amount_discounted) VALUES (328, 1, 9600);
INSERT INTO loyalty_transaction (loyalty_txn_id, customer_id, order_id, points_change, txn_type) VALUES (322, 3, 328, 16, 'redeem');
INSERT INTO loyalty_transaction (loyalty_txn_id, customer_id, order_id, points_change, txn_type) VALUES (323, 3, 328, 70, 'earn');
UPDATE customer SET loyalty_points = loyalty_points + 54 WHERE customer_id = 3;
INSERT INTO orders (order_id, location_id, staff_id, customer_id, order_type, order_status, total_amount, order_date) VALUES (329, 1, 2, 8, 'takeaway', 'Completed', 166500, '2026-06-01 08:05:43');
INSERT INTO order_item (order_item_id, order_id, item_id, quantity, unit_price, subtotal) VALUES (493, 329, 4, 2, 65000, 130000);
INSERT INTO order_item (order_item_id, order_id, item_id, quantity, unit_price, subtotal) VALUES (494, 329, 9, 1, 55000, 55000);
INSERT INTO payment (payment_id, order_id, payment_method, amount_paid) VALUES (325, 329, 'Mobile', 166500);
INSERT INTO order_promotion (order_id, promotion_id, amount_discounted) VALUES (329, 1, 18500);
INSERT INTO loyalty_transaction (loyalty_txn_id, customer_id, order_id, points_change, txn_type) VALUES (324, 8, 329, 166, 'earn');
UPDATE customer SET loyalty_points = loyalty_points + 166 WHERE customer_id = 8;
INSERT INTO orders (order_id, location_id, staff_id, customer_id, order_type, order_status, total_amount, order_date) VALUES (330, 1, 5, 11, 'pickup', 'Completed', 108000, '2026-06-01 09:48:58');
INSERT INTO order_item (order_item_id, order_id, item_id, quantity, unit_price, subtotal) VALUES (495, 330, 6, 1, 65000, 65000);
INSERT INTO order_item_modifier (order_item_id, option_id, price_delta_at_sale) VALUES (495, 14, 10000);
INSERT INTO order_item (order_item_id, order_id, item_id, quantity, unit_price, subtotal) VALUES (496, 330, 3, 1, 55000, 55000);
INSERT INTO payment (payment_id, order_id, payment_method, amount_paid) VALUES (326, 330, 'Mobile', 108000);
INSERT INTO order_promotion (order_id, promotion_id, amount_discounted) VALUES (330, 1, 12000);
INSERT INTO loyalty_transaction (loyalty_txn_id, customer_id, order_id, points_change, txn_type) VALUES (325, 11, 330, 108, 'earn');
UPDATE customer SET loyalty_points = loyalty_points + 108 WHERE customer_id = 11;
INSERT INTO audit_log (log_id, staff_id, action_type, table_affected, record_id, details) VALUES (67, 5, 'CREATE_ORDER', 'orders', 330, 'Order #330 | Total: 108000đ | Mobile');
INSERT INTO orders (order_id, location_id, staff_id, customer_id, order_type, order_status, total_amount, order_date) VALUES (331, 1, 1, NULL, 'pickup', 'Completed', 99900, '2026-06-01 15:29:20');
INSERT INTO order_item (order_item_id, order_id, item_id, quantity, unit_price, subtotal) VALUES (497, 331, 2, 1, 63000, 63000);
INSERT INTO order_item_modifier (order_item_id, option_id, price_delta_at_sale) VALUES (497, 6, 8000);
INSERT INTO order_item (order_item_id, order_id, item_id, quantity, unit_price, subtotal) VALUES (498, 331, 13, 1, 48000, 48000);
INSERT INTO order_item_modifier (order_item_id, option_id, price_delta_at_sale) VALUES (498, 7, 8000);
INSERT INTO payment (payment_id, order_id, payment_method, amount_paid) VALUES (327, 331, 'Cash', 99900);
INSERT INTO order_promotion (order_id, promotion_id, amount_discounted) VALUES (331, 1, 11100);
INSERT INTO orders (order_id, location_id, staff_id, customer_id, order_type, order_status, total_amount, order_date) VALUES (332, 1, 5, 6, 'pickup', 'Completed', 58500, '2026-06-01 11:31:27');
INSERT INTO order_item (order_item_id, order_id, item_id, quantity, unit_price, subtotal) VALUES (499, 332, 7, 1, 65000, 65000);
INSERT INTO payment (payment_id, order_id, payment_method, amount_paid) VALUES (328, 332, 'Cash', 58500);
INSERT INTO order_promotion (order_id, promotion_id, amount_discounted) VALUES (332, 1, 6500);
INSERT INTO loyalty_transaction (loyalty_txn_id, customer_id, order_id, points_change, txn_type) VALUES (326, 6, 332, 58, 'earn');
UPDATE customer SET loyalty_points = loyalty_points + 58 WHERE customer_id = 6;
INSERT INTO orders (order_id, location_id, staff_id, customer_id, order_type, order_status, total_amount, order_date) VALUES (333, 1, 5, 15, 'takeaway', 'Completed', 236700, '2026-06-01 18:35:27');
INSERT INTO order_item (order_item_id, order_id, item_id, quantity, unit_price, subtotal) VALUES (500, 333, 8, 2, 68000, 136000);
INSERT INTO order_item_modifier (order_item_id, option_id, price_delta_at_sale) VALUES (500, 6, 8000);
INSERT INTO order_item (order_item_id, order_id, item_id, quantity, unit_price, subtotal) VALUES (501, 333, 9, 1, 67000, 67000);
INSERT INTO order_item_modifier (order_item_id, option_id, price_delta_at_sale) VALUES (501, 12, 12000);
INSERT INTO order_item (order_item_id, order_id, item_id, quantity, unit_price, subtotal) VALUES (502, 333, 8, 1, 60000, 60000);
INSERT INTO payment (payment_id, order_id, payment_method, amount_paid) VALUES (329, 333, 'Card', 236700);
INSERT INTO order_promotion (order_id, promotion_id, amount_discounted) VALUES (333, 1, 26300);
INSERT INTO loyalty_transaction (loyalty_txn_id, customer_id, order_id, points_change, txn_type) VALUES (327, 15, 333, 236, 'earn');
UPDATE customer SET loyalty_points = loyalty_points + 236 WHERE customer_id = 15;
INSERT INTO orders (order_id, location_id, staff_id, customer_id, order_type, order_status, total_amount, order_date) VALUES (334, 1, 5, NULL, 'pickup', 'Completed', 90000, '2026-06-01 09:13:52');
INSERT INTO order_item (order_item_id, order_id, item_id, quantity, unit_price, subtotal) VALUES (503, 334, 1, 1, 45000, 45000);
INSERT INTO order_item (order_item_id, order_id, item_id, quantity, unit_price, subtotal) VALUES (504, 334, 2, 1, 55000, 55000);
INSERT INTO payment (payment_id, order_id, payment_method, amount_paid) VALUES (330, 334, 'Cash', 90000);
INSERT INTO order_promotion (order_id, promotion_id, amount_discounted) VALUES (334, 1, 10000);
INSERT INTO orders (order_id, location_id, staff_id, customer_id, order_type, order_status, total_amount, order_date) VALUES (335, 1, 5, 9, 'pickup', 'Completed', 6500, '2026-06-01 21:12:36');
INSERT INTO order_item (order_item_id, order_id, item_id, quantity, unit_price, subtotal) VALUES (505, 335, 10, 1, 35000, 35000);
INSERT INTO payment (payment_id, order_id, payment_method, amount_paid) VALUES (331, 335, 'Cash', 6500);
INSERT INTO order_promotion (order_id, promotion_id, amount_discounted) VALUES (335, 1, 3500);
INSERT INTO loyalty_transaction (loyalty_txn_id, customer_id, order_id, points_change, txn_type) VALUES (328, 9, 335, 25, 'redeem');
INSERT INTO loyalty_transaction (loyalty_txn_id, customer_id, order_id, points_change, txn_type) VALUES (329, 9, 335, 6, 'earn');
UPDATE customer SET loyalty_points = loyalty_points + -19 WHERE customer_id = 9;
INSERT INTO audit_log (log_id, staff_id, action_type, table_affected, record_id, details) VALUES (68, 5, 'CREATE_ORDER', 'orders', 335, 'Order #335 | Total: 6500đ | Cash');
INSERT INTO orders (order_id, location_id, staff_id, customer_id, order_type, order_status, total_amount, order_date) VALUES (336, 2, 7, NULL, 'pickup', 'Completed', 99000, '2026-06-01 14:29:40');
INSERT INTO order_item (order_item_id, order_id, item_id, quantity, unit_price, subtotal) VALUES (506, 336, 2, 2, 55000, 110000);
INSERT INTO payment (payment_id, order_id, payment_method, amount_paid) VALUES (332, 336, 'Card', 99000);
INSERT INTO order_promotion (order_id, promotion_id, amount_discounted) VALUES (336, 1, 11000);
INSERT INTO orders (order_id, location_id, staff_id, customer_id, order_type, order_status, total_amount, order_date) VALUES (337, 2, 7, 14, 'pickup', 'Completed', 60300, '2026-06-01 09:20:41');
INSERT INTO order_item (order_item_id, order_id, item_id, quantity, unit_price, subtotal) VALUES (507, 337, 2, 1, 67000, 67000);
INSERT INTO order_item_modifier (order_item_id, option_id, price_delta_at_sale) VALUES (507, 12, 12000);
INSERT INTO payment (payment_id, order_id, payment_method, amount_paid) VALUES (333, 337, 'Mobile', 60300);
INSERT INTO order_promotion (order_id, promotion_id, amount_discounted) VALUES (337, 1, 6700);
INSERT INTO loyalty_transaction (loyalty_txn_id, customer_id, order_id, points_change, txn_type) VALUES (330, 14, 337, 60, 'earn');
UPDATE customer SET loyalty_points = loyalty_points + 60 WHERE customer_id = 14;
INSERT INTO orders (order_id, location_id, staff_id, customer_id, order_type, order_status, total_amount, order_date) VALUES (338, 1, 6, 6, 'takeaway', 'Completed', 55300, '2026-06-02 09:47:44');
INSERT INTO order_item (order_item_id, order_id, item_id, quantity, unit_price, subtotal) VALUES (508, 338, 3, 1, 67000, 67000);
INSERT INTO order_item_modifier (order_item_id, option_id, price_delta_at_sale) VALUES (508, 12, 12000);
INSERT INTO payment (payment_id, order_id, payment_method, amount_paid) VALUES (334, 338, 'Mobile', 55300);
INSERT INTO order_promotion (order_id, promotion_id, amount_discounted) VALUES (338, 1, 6700);
INSERT INTO loyalty_transaction (loyalty_txn_id, customer_id, order_id, points_change, txn_type) VALUES (331, 6, 338, 5, 'redeem');
INSERT INTO loyalty_transaction (loyalty_txn_id, customer_id, order_id, points_change, txn_type) VALUES (332, 6, 338, 55, 'earn');
UPDATE customer SET loyalty_points = loyalty_points + 50 WHERE customer_id = 6;
INSERT INTO orders (order_id, location_id, staff_id, customer_id, order_type, order_status, total_amount, order_date) VALUES (339, 1, 6, 2, 'takeaway', 'Completed', 36000, '2026-06-02 08:39:09');
INSERT INTO order_item (order_item_id, order_id, item_id, quantity, unit_price, subtotal) VALUES (509, 339, 13, 1, 40000, 40000);
INSERT INTO payment (payment_id, order_id, payment_method, amount_paid) VALUES (335, 339, 'Card', 36000);
INSERT INTO order_promotion (order_id, promotion_id, amount_discounted) VALUES (339, 1, 4000);
INSERT INTO loyalty_transaction (loyalty_txn_id, customer_id, order_id, points_change, txn_type) VALUES (333, 2, 339, 36, 'earn');
UPDATE customer SET loyalty_points = loyalty_points + 36 WHERE customer_id = 2;
INSERT INTO orders (order_id, location_id, staff_id, customer_id, order_type, order_status, total_amount, order_date) VALUES (340, 1, 5, 15, 'takeaway', 'Completed', 64800, '2026-06-02 19:20:55');
INSERT INTO order_item (order_item_id, order_id, item_id, quantity, unit_price, subtotal) VALUES (510, 340, 1, 1, 45000, 45000);
INSERT INTO order_item (order_item_id, order_id, item_id, quantity, unit_price, subtotal) VALUES (511, 340, 7, 1, 77000, 77000);
INSERT INTO order_item_modifier (order_item_id, option_id, price_delta_at_sale) VALUES (511, 12, 12000);
INSERT INTO payment (payment_id, order_id, payment_method, amount_paid) VALUES (336, 340, 'Cash', 64800);
INSERT INTO order_promotion (order_id, promotion_id, amount_discounted) VALUES (340, 1, 12200);
INSERT INTO loyalty_transaction (loyalty_txn_id, customer_id, order_id, points_change, txn_type) VALUES (334, 15, 340, 45, 'redeem');
INSERT INTO loyalty_transaction (loyalty_txn_id, customer_id, order_id, points_change, txn_type) VALUES (335, 15, 340, 64, 'earn');
UPDATE customer SET loyalty_points = loyalty_points + 19 WHERE customer_id = 15;
INSERT INTO audit_log (log_id, staff_id, action_type, table_affected, record_id, details) VALUES (69, 5, 'CREATE_ORDER', 'orders', 340, 'Order #340 | Total: 64800đ | Cash');
INSERT INTO orders (order_id, location_id, staff_id, customer_id, order_type, order_status, total_amount, order_date) VALUES (341, 1, 6, 14, 'pickup', 'Completed', 9500, '2026-06-02 08:19:23');
INSERT INTO order_item (order_item_id, order_id, item_id, quantity, unit_price, subtotal) VALUES (512, 341, 3, 1, 65000, 65000);
INSERT INTO order_item_modifier (order_item_id, option_id, price_delta_at_sale) VALUES (512, 2, 10000);
INSERT INTO payment (payment_id, order_id, payment_method, amount_paid) VALUES (337, 341, 'Mobile', 9500);
INSERT INTO order_promotion (order_id, promotion_id, amount_discounted) VALUES (341, 1, 6500);
INSERT INTO loyalty_transaction (loyalty_txn_id, customer_id, order_id, points_change, txn_type) VALUES (336, 14, 341, 49, 'redeem');
INSERT INTO loyalty_transaction (loyalty_txn_id, customer_id, order_id, points_change, txn_type) VALUES (337, 14, 341, 9, 'earn');
UPDATE customer SET loyalty_points = loyalty_points + -40 WHERE customer_id = 14;
INSERT INTO orders (order_id, location_id, staff_id, customer_id, order_type, order_status, total_amount, order_date) VALUES (342, 1, 5, 10, 'pickup', 'Completed', 67500, '2026-06-02 10:49:27');
INSERT INTO order_item (order_item_id, order_id, item_id, quantity, unit_price, subtotal) VALUES (513, 342, 6, 1, 55000, 55000);
INSERT INTO order_item (order_item_id, order_id, item_id, quantity, unit_price, subtotal) VALUES (514, 342, 8, 1, 60000, 60000);
INSERT INTO payment (payment_id, order_id, payment_method, amount_paid) VALUES (338, 342, 'Card', 67500);
INSERT INTO order_promotion (order_id, promotion_id, amount_discounted) VALUES (342, 1, 11500);
INSERT INTO loyalty_transaction (loyalty_txn_id, customer_id, order_id, points_change, txn_type) VALUES (338, 10, 342, 36, 'redeem');
INSERT INTO loyalty_transaction (loyalty_txn_id, customer_id, order_id, points_change, txn_type) VALUES (339, 10, 342, 67, 'earn');
UPDATE customer SET loyalty_points = loyalty_points + 31 WHERE customer_id = 10;
INSERT INTO orders (order_id, location_id, staff_id, customer_id, order_type, order_status, total_amount, order_date) VALUES (343, 1, 2, 6, 'pickup', 'Completed', 49500, '2026-06-02 14:33:48');
INSERT INTO order_item (order_item_id, order_id, item_id, quantity, unit_price, subtotal) VALUES (515, 343, 2, 1, 55000, 55000);
INSERT INTO payment (payment_id, order_id, payment_method, amount_paid) VALUES (339, 343, 'Mobile', 49500);
INSERT INTO order_promotion (order_id, promotion_id, amount_discounted) VALUES (343, 1, 5500);
INSERT INTO loyalty_transaction (loyalty_txn_id, customer_id, order_id, points_change, txn_type) VALUES (340, 6, 343, 49, 'earn');
UPDATE customer SET loyalty_points = loyalty_points + 49 WHERE customer_id = 6;
INSERT INTO orders (order_id, location_id, staff_id, customer_id, order_type, order_status, total_amount, order_date) VALUES (344, 1, 5, 14, 'takeaway', 'Completed', 47500, '2026-06-02 14:39:28');
INSERT INTO order_item (order_item_id, order_id, item_id, quantity, unit_price, subtotal) VALUES (516, 344, 3, 1, 55000, 55000);
INSERT INTO payment (payment_id, order_id, payment_method, amount_paid) VALUES (340, 344, 'Mobile', 47500);
INSERT INTO order_promotion (order_id, promotion_id, amount_discounted) VALUES (344, 1, 5500);
INSERT INTO loyalty_transaction (loyalty_txn_id, customer_id, order_id, points_change, txn_type) VALUES (341, 14, 344, 2, 'redeem');
INSERT INTO loyalty_transaction (loyalty_txn_id, customer_id, order_id, points_change, txn_type) VALUES (342, 14, 344, 47, 'earn');
UPDATE customer SET loyalty_points = loyalty_points + 45 WHERE customer_id = 14;
INSERT INTO orders (order_id, location_id, staff_id, customer_id, order_type, order_status, total_amount, order_date) VALUES (345, 2, 3, 6, 'takeaway', 'Completed', 60300, '2026-06-02 06:05:09');
INSERT INTO order_item (order_item_id, order_id, item_id, quantity, unit_price, subtotal) VALUES (517, 345, 5, 1, 67000, 67000);
INSERT INTO order_item_modifier (order_item_id, option_id, price_delta_at_sale) VALUES (517, 12, 12000);
INSERT INTO payment (payment_id, order_id, payment_method, amount_paid) VALUES (341, 345, 'Cash', 60300);
INSERT INTO order_promotion (order_id, promotion_id, amount_discounted) VALUES (345, 1, 6700);
INSERT INTO loyalty_transaction (loyalty_txn_id, customer_id, order_id, points_change, txn_type) VALUES (343, 6, 345, 60, 'earn');
UPDATE customer SET loyalty_points = loyalty_points + 60 WHERE customer_id = 6;
INSERT INTO audit_log (log_id, staff_id, action_type, table_affected, record_id, details) VALUES (70, 3, 'CREATE_ORDER', 'orders', 345, 'Order #345 | Total: 60300đ | Cash');
INSERT INTO orders (order_id, location_id, staff_id, customer_id, order_type, order_status, total_amount, order_date) VALUES (346, 2, 7, 15, 'takeaway', 'Completed', 114700, '2026-06-02 17:04:34');
INSERT INTO order_item (order_item_id, order_id, item_id, quantity, unit_price, subtotal) VALUES (518, 346, 12, 1, 73000, 73000);
INSERT INTO order_item_modifier (order_item_id, option_id, price_delta_at_sale) VALUES (518, 7, 8000);
INSERT INTO order_item (order_item_id, order_id, item_id, quantity, unit_price, subtotal) VALUES (519, 346, 2, 2, 55000, 110000);
INSERT INTO payment (payment_id, order_id, payment_method, amount_paid) VALUES (342, 346, 'Cash', 114700);
INSERT INTO order_promotion (order_id, promotion_id, amount_discounted) VALUES (346, 1, 18300);
INSERT INTO loyalty_transaction (loyalty_txn_id, customer_id, order_id, points_change, txn_type) VALUES (344, 15, 346, 50, 'redeem');
INSERT INTO loyalty_transaction (loyalty_txn_id, customer_id, order_id, points_change, txn_type) VALUES (345, 15, 346, 114, 'earn');
UPDATE customer SET loyalty_points = loyalty_points + 64 WHERE customer_id = 15;
INSERT INTO orders (order_id, location_id, staff_id, customer_id, order_type, order_status, total_amount, order_date) VALUES (347, 2, 7, 15, 'takeaway', 'Completed', 99000, '2026-06-02 17:33:42');
INSERT INTO order_item (order_item_id, order_id, item_id, quantity, unit_price, subtotal) VALUES (520, 347, 5, 2, 55000, 110000);
INSERT INTO payment (payment_id, order_id, payment_method, amount_paid) VALUES (343, 347, 'Card', 99000);
INSERT INTO order_promotion (order_id, promotion_id, amount_discounted) VALUES (347, 1, 11000);
INSERT INTO loyalty_transaction (loyalty_txn_id, customer_id, order_id, points_change, txn_type) VALUES (346, 15, 347, 99, 'earn');
UPDATE customer SET loyalty_points = loyalty_points + 99 WHERE customer_id = 15;
INSERT INTO orders (order_id, location_id, staff_id, customer_id, order_type, order_status, total_amount, order_date) VALUES (348, 2, 7, 6, 'takeaway', 'Completed', 56700, '2026-06-02 12:19:12');
INSERT INTO order_item (order_item_id, order_id, item_id, quantity, unit_price, subtotal) VALUES (521, 348, 2, 1, 63000, 63000);
INSERT INTO order_item_modifier (order_item_id, option_id, price_delta_at_sale) VALUES (521, 6, 8000);
INSERT INTO payment (payment_id, order_id, payment_method, amount_paid) VALUES (344, 348, 'Card', 56700);
INSERT INTO order_promotion (order_id, promotion_id, amount_discounted) VALUES (348, 1, 6300);
INSERT INTO loyalty_transaction (loyalty_txn_id, customer_id, order_id, points_change, txn_type) VALUES (347, 6, 348, 56, 'earn');
UPDATE customer SET loyalty_points = loyalty_points + 56 WHERE customer_id = 6;
INSERT INTO orders (order_id, location_id, staff_id, customer_id, order_type, order_status, total_amount, order_date) VALUES (349, 2, 7, 11, 'takeaway', 'Completed', 49500, '2026-06-02 18:00:02');
INSERT INTO order_item (order_item_id, order_id, item_id, quantity, unit_price, subtotal) VALUES (522, 349, 2, 1, 55000, 55000);
INSERT INTO payment (payment_id, order_id, payment_method, amount_paid) VALUES (345, 349, 'Cash', 49500);
INSERT INTO order_promotion (order_id, promotion_id, amount_discounted) VALUES (349, 1, 5500);
INSERT INTO loyalty_transaction (loyalty_txn_id, customer_id, order_id, points_change, txn_type) VALUES (348, 11, 349, 49, 'earn');
UPDATE customer SET loyalty_points = loyalty_points + 49 WHERE customer_id = 11;
INSERT INTO orders (order_id, location_id, staff_id, customer_id, order_type, order_status, total_amount, order_date) VALUES (350, 1, 2, NULL, 'takeaway', 'Completed', 45000, '2026-06-03 17:03:03');
INSERT INTO order_item (order_item_id, order_id, item_id, quantity, unit_price, subtotal) VALUES (523, 350, 13, 1, 50000, 50000);
INSERT INTO order_item_modifier (order_item_id, option_id, price_delta_at_sale) VALUES (523, 14, 10000);
INSERT INTO payment (payment_id, order_id, payment_method, amount_paid) VALUES (346, 350, 'Card', 45000);
INSERT INTO order_promotion (order_id, promotion_id, amount_discounted) VALUES (350, 1, 5000);
INSERT INTO audit_log (log_id, staff_id, action_type, table_affected, record_id, details) VALUES (71, 2, 'CREATE_ORDER', 'orders', 350, 'Order #350 | Total: 45000đ | Card');
INSERT INTO orders (order_id, location_id, staff_id, customer_id, order_type, order_status, total_amount, order_date) VALUES (351, 1, 2, NULL, 'takeaway', 'Completed', 135000, '2026-06-03 20:46:12');
INSERT INTO order_item (order_item_id, order_id, item_id, quantity, unit_price, subtotal) VALUES (524, 351, 7, 1, 73000, 73000);
INSERT INTO order_item_modifier (order_item_id, option_id, price_delta_at_sale) VALUES (524, 6, 8000);
INSERT INTO order_item (order_item_id, order_id, item_id, quantity, unit_price, subtotal) VALUES (525, 351, 4, 1, 77000, 77000);
INSERT INTO order_item_modifier (order_item_id, option_id, price_delta_at_sale) VALUES (525, 12, 12000);
INSERT INTO payment (payment_id, order_id, payment_method, amount_paid) VALUES (347, 351, 'Cash', 135000);
INSERT INTO order_promotion (order_id, promotion_id, amount_discounted) VALUES (351, 1, 15000);
INSERT INTO orders (order_id, location_id, staff_id, customer_id, order_type, order_status, total_amount, order_date) VALUES (352, 1, 6, 7, 'takeaway', 'Completed', 98000, '2026-06-03 19:38:58');
INSERT INTO order_item (order_item_id, order_id, item_id, quantity, unit_price, subtotal) VALUES (526, 352, 5, 2, 65000, 130000);
INSERT INTO order_item_modifier (order_item_id, option_id, price_delta_at_sale) VALUES (526, 14, 10000);
INSERT INTO payment (payment_id, order_id, payment_method, amount_paid) VALUES (348, 352, 'Card', 98000);
INSERT INTO order_promotion (order_id, promotion_id, amount_discounted) VALUES (352, 1, 13000);
INSERT INTO loyalty_transaction (loyalty_txn_id, customer_id, order_id, points_change, txn_type) VALUES (349, 7, 352, 19, 'redeem');
INSERT INTO loyalty_transaction (loyalty_txn_id, customer_id, order_id, points_change, txn_type) VALUES (350, 7, 352, 98, 'earn');
UPDATE customer SET loyalty_points = loyalty_points + 79 WHERE customer_id = 7;
INSERT INTO orders (order_id, location_id, staff_id, customer_id, order_type, order_status, total_amount, order_date) VALUES (353, 1, 5, 15, 'takeaway', 'Completed', 54000, '2026-06-03 19:39:54');
INSERT INTO order_item (order_item_id, order_id, item_id, quantity, unit_price, subtotal) VALUES (527, 353, 8, 1, 60000, 60000);
INSERT INTO payment (payment_id, order_id, payment_method, amount_paid) VALUES (349, 353, 'Card', 54000);
INSERT INTO order_promotion (order_id, promotion_id, amount_discounted) VALUES (353, 1, 6000);
INSERT INTO loyalty_transaction (loyalty_txn_id, customer_id, order_id, points_change, txn_type) VALUES (351, 15, 353, 54, 'earn');
UPDATE customer SET loyalty_points = loyalty_points + 54 WHERE customer_id = 15;
INSERT INTO orders (order_id, location_id, staff_id, customer_id, order_type, order_status, total_amount, order_date) VALUES (354, 1, 6, 7, 'pickup', 'Completed', 40500, '2026-06-03 11:20:07');
INSERT INTO order_item (order_item_id, order_id, item_id, quantity, unit_price, subtotal) VALUES (528, 354, 3, 1, 55000, 55000);
INSERT INTO payment (payment_id, order_id, payment_method, amount_paid) VALUES (350, 354, 'Card', 40500);
INSERT INTO order_promotion (order_id, promotion_id, amount_discounted) VALUES (354, 1, 5500);
INSERT INTO loyalty_transaction (loyalty_txn_id, customer_id, order_id, points_change, txn_type) VALUES (352, 7, 354, 9, 'redeem');
INSERT INTO loyalty_transaction (loyalty_txn_id, customer_id, order_id, points_change, txn_type) VALUES (353, 7, 354, 40, 'earn');
UPDATE customer SET loyalty_points = loyalty_points + 31 WHERE customer_id = 7;
INSERT INTO orders (order_id, location_id, staff_id, customer_id, order_type, order_status, total_amount, order_date) VALUES (355, 2, 3, 7, 'takeaway', 'Completed', 49500, '2026-06-03 19:42:31');
INSERT INTO order_item (order_item_id, order_id, item_id, quantity, unit_price, subtotal) VALUES (529, 355, 6, 1, 55000, 55000);
INSERT INTO payment (payment_id, order_id, payment_method, amount_paid) VALUES (351, 355, 'Cash', 49500);
INSERT INTO order_promotion (order_id, promotion_id, amount_discounted) VALUES (355, 1, 5500);
INSERT INTO loyalty_transaction (loyalty_txn_id, customer_id, order_id, points_change, txn_type) VALUES (354, 7, 355, 49, 'earn');
UPDATE customer SET loyalty_points = loyalty_points + 49 WHERE customer_id = 7;
INSERT INTO audit_log (log_id, staff_id, action_type, table_affected, record_id, details) VALUES (72, 3, 'CREATE_ORDER', 'orders', 355, 'Order #355 | Total: 49500đ | Cash');
INSERT INTO orders (order_id, location_id, staff_id, customer_id, order_type, order_status, total_amount, order_date) VALUES (356, 2, 3, 1, 'takeaway', 'Completed', 220000, '2026-06-03 11:47:56');
INSERT INTO order_item (order_item_id, order_id, item_id, quantity, unit_price, subtotal) VALUES (530, 356, 9, 1, 65000, 65000);
INSERT INTO order_item_modifier (order_item_id, option_id, price_delta_at_sale) VALUES (530, 2, 10000);
INSERT INTO order_item (order_item_id, order_id, item_id, quantity, unit_price, subtotal) VALUES (531, 356, 5, 2, 65000, 130000);
INSERT INTO order_item_modifier (order_item_id, option_id, price_delta_at_sale) VALUES (531, 2, 10000);
INSERT INTO order_item (order_item_id, order_id, item_id, quantity, unit_price, subtotal) VALUES (532, 356, 7, 1, 65000, 65000);
INSERT INTO payment (payment_id, order_id, payment_method, amount_paid) VALUES (352, 356, 'Card', 220000);
INSERT INTO order_promotion (order_id, promotion_id, amount_discounted) VALUES (356, 1, 26000);
INSERT INTO loyalty_transaction (loyalty_txn_id, customer_id, order_id, points_change, txn_type) VALUES (355, 1, 356, 14, 'redeem');
INSERT INTO loyalty_transaction (loyalty_txn_id, customer_id, order_id, points_change, txn_type) VALUES (356, 1, 356, 220, 'earn');
UPDATE customer SET loyalty_points = loyalty_points + 206 WHERE customer_id = 1;
INSERT INTO orders (order_id, location_id, staff_id, customer_id, order_type, order_status, total_amount, order_date) VALUES (357, 2, 3, 4, 'takeaway', 'Completed', 49500, '2026-06-03 09:40:11');
INSERT INTO order_item (order_item_id, order_id, item_id, quantity, unit_price, subtotal) VALUES (533, 357, 6, 1, 55000, 55000);
INSERT INTO payment (payment_id, order_id, payment_method, amount_paid) VALUES (353, 357, 'Card', 49500);
INSERT INTO order_promotion (order_id, promotion_id, amount_discounted) VALUES (357, 1, 5500);
INSERT INTO loyalty_transaction (loyalty_txn_id, customer_id, order_id, points_change, txn_type) VALUES (357, 4, 357, 49, 'earn');
UPDATE customer SET loyalty_points = loyalty_points + 49 WHERE customer_id = 4;
INSERT INTO orders (order_id, location_id, staff_id, customer_id, order_type, order_status, total_amount, order_date) VALUES (358, 1, 6, 14, 'takeaway', 'Completed', 117000, '2026-06-04 10:10:34');
INSERT INTO order_item (order_item_id, order_id, item_id, quantity, unit_price, subtotal) VALUES (534, 358, 4, 2, 65000, 130000);
INSERT INTO payment (payment_id, order_id, payment_method, amount_paid) VALUES (354, 358, 'Cash', 117000);
INSERT INTO order_promotion (order_id, promotion_id, amount_discounted) VALUES (358, 1, 13000);
INSERT INTO loyalty_transaction (loyalty_txn_id, customer_id, order_id, points_change, txn_type) VALUES (358, 14, 358, 117, 'earn');
UPDATE customer SET loyalty_points = loyalty_points + 117 WHERE customer_id = 14;
INSERT INTO orders (order_id, location_id, staff_id, customer_id, order_type, order_status, total_amount, order_date) VALUES (359, 1, 5, 12, 'pickup', 'Completed', 54000, '2026-06-04 14:36:34');
INSERT INTO order_item (order_item_id, order_id, item_id, quantity, unit_price, subtotal) VALUES (535, 359, 8, 1, 60000, 60000);
INSERT INTO payment (payment_id, order_id, payment_method, amount_paid) VALUES (355, 359, 'Card', 54000);
INSERT INTO order_promotion (order_id, promotion_id, amount_discounted) VALUES (359, 1, 6000);
INSERT INTO loyalty_transaction (loyalty_txn_id, customer_id, order_id, points_change, txn_type) VALUES (359, 12, 359, 54, 'earn');
UPDATE customer SET loyalty_points = loyalty_points + 54 WHERE customer_id = 12;
INSERT INTO orders (order_id, location_id, staff_id, customer_id, order_type, order_status, total_amount, order_date) VALUES (360, 1, 6, 15, 'pickup', 'Cancelled', 35700, '2026-06-04 07:08:56');
INSERT INTO order_item (order_item_id, order_id, item_id, quantity, unit_price, subtotal) VALUES (536, 360, 3, 1, 63000, 63000);
INSERT INTO order_item_modifier (order_item_id, option_id, price_delta_at_sale) VALUES (536, 6, 8000);
INSERT INTO payment (payment_id, order_id, payment_method, amount_paid) VALUES (356, 360, 'Cash', 35700);
INSERT INTO order_promotion (order_id, promotion_id, amount_discounted) VALUES (360, 1, 6300);
INSERT INTO audit_log (log_id, staff_id, action_type, table_affected, record_id, details) VALUES (73, 6, 'CREATE_ORDER', 'orders', 360, 'Order #360 | Total: 35700đ | Cash');
INSERT INTO orders (order_id, location_id, staff_id, customer_id, order_type, order_status, total_amount, order_date) VALUES (361, 1, 5, NULL, 'takeaway', 'Completed', 56700, '2026-06-04 10:56:37');
INSERT INTO order_item (order_item_id, order_id, item_id, quantity, unit_price, subtotal) VALUES (537, 361, 2, 1, 63000, 63000);
INSERT INTO order_item_modifier (order_item_id, option_id, price_delta_at_sale) VALUES (537, 7, 8000);
INSERT INTO payment (payment_id, order_id, payment_method, amount_paid) VALUES (357, 361, 'Cash', 56700);
INSERT INTO order_promotion (order_id, promotion_id, amount_discounted) VALUES (361, 1, 6300);
INSERT INTO orders (order_id, location_id, staff_id, customer_id, order_type, order_status, total_amount, order_date) VALUES (362, 1, 6, 7, 'takeaway', 'Completed', 148500, '2026-06-04 15:36:52');
INSERT INTO order_item (order_item_id, order_id, item_id, quantity, unit_price, subtotal) VALUES (538, 362, 2, 2, 55000, 110000);
INSERT INTO order_item (order_item_id, order_id, item_id, quantity, unit_price, subtotal) VALUES (539, 362, 9, 1, 55000, 55000);
INSERT INTO payment (payment_id, order_id, payment_method, amount_paid) VALUES (358, 362, 'Card', 148500);
INSERT INTO order_promotion (order_id, promotion_id, amount_discounted) VALUES (362, 1, 16500);
INSERT INTO loyalty_transaction (loyalty_txn_id, customer_id, order_id, points_change, txn_type) VALUES (360, 7, 362, 148, 'earn');
UPDATE customer SET loyalty_points = loyalty_points + 148 WHERE customer_id = 7;
INSERT INTO orders (order_id, location_id, staff_id, customer_id, order_type, order_status, total_amount, order_date) VALUES (363, 1, 1, 11, 'pickup', 'Completed', 36000, '2026-06-04 08:49:14');
INSERT INTO order_item (order_item_id, order_id, item_id, quantity, unit_price, subtotal) VALUES (540, 363, 11, 1, 40000, 40000);
INSERT INTO payment (payment_id, order_id, payment_method, amount_paid) VALUES (359, 363, 'Mobile', 36000);
INSERT INTO order_promotion (order_id, promotion_id, amount_discounted) VALUES (363, 1, 4000);
INSERT INTO loyalty_transaction (loyalty_txn_id, customer_id, order_id, points_change, txn_type) VALUES (361, 11, 363, 36, 'earn');
UPDATE customer SET loyalty_points = loyalty_points + 36 WHERE customer_id = 11;
INSERT INTO orders (order_id, location_id, staff_id, customer_id, order_type, order_status, total_amount, order_date) VALUES (364, 1, 6, 2, 'pickup', 'Completed', 49500, '2026-06-04 10:44:14');
INSERT INTO order_item (order_item_id, order_id, item_id, quantity, unit_price, subtotal) VALUES (541, 364, 6, 1, 55000, 55000);
INSERT INTO payment (payment_id, order_id, payment_method, amount_paid) VALUES (360, 364, 'Card', 49500);
INSERT INTO order_promotion (order_id, promotion_id, amount_discounted) VALUES (364, 1, 5500);
INSERT INTO loyalty_transaction (loyalty_txn_id, customer_id, order_id, points_change, txn_type) VALUES (362, 2, 364, 49, 'earn');
UPDATE customer SET loyalty_points = loyalty_points + 49 WHERE customer_id = 2;
INSERT INTO orders (order_id, location_id, staff_id, customer_id, order_type, order_status, total_amount, order_date) VALUES (365, 1, 1, 8, 'pickup', 'Completed', 58500, '2026-06-04 08:36:47');
INSERT INTO order_item (order_item_id, order_id, item_id, quantity, unit_price, subtotal) VALUES (542, 365, 2, 1, 65000, 65000);
INSERT INTO order_item_modifier (order_item_id, option_id, price_delta_at_sale) VALUES (542, 2, 10000);
INSERT INTO payment (payment_id, order_id, payment_method, amount_paid) VALUES (361, 365, 'Cash', 58500);
INSERT INTO order_promotion (order_id, promotion_id, amount_discounted) VALUES (365, 1, 6500);
INSERT INTO loyalty_transaction (loyalty_txn_id, customer_id, order_id, points_change, txn_type) VALUES (363, 8, 365, 58, 'earn');
UPDATE customer SET loyalty_points = loyalty_points + 58 WHERE customer_id = 8;
INSERT INTO audit_log (log_id, staff_id, action_type, table_affected, record_id, details) VALUES (74, 1, 'CREATE_ORDER', 'orders', 365, 'Order #365 | Total: 58500đ | Cash');
INSERT INTO orders (order_id, location_id, staff_id, customer_id, order_type, order_status, total_amount, order_date) VALUES (366, 1, 2, 5, 'pickup', 'Completed', 65700, '2026-06-04 09:39:47');
INSERT INTO order_item (order_item_id, order_id, item_id, quantity, unit_price, subtotal) VALUES (543, 366, 7, 1, 73000, 73000);
INSERT INTO order_item_modifier (order_item_id, option_id, price_delta_at_sale) VALUES (543, 7, 8000);
INSERT INTO payment (payment_id, order_id, payment_method, amount_paid) VALUES (362, 366, 'Card', 65700);
INSERT INTO order_promotion (order_id, promotion_id, amount_discounted) VALUES (366, 1, 7300);
INSERT INTO loyalty_transaction (loyalty_txn_id, customer_id, order_id, points_change, txn_type) VALUES (364, 5, 366, 65, 'earn');
UPDATE customer SET loyalty_points = loyalty_points + 65 WHERE customer_id = 5;
INSERT INTO orders (order_id, location_id, staff_id, customer_id, order_type, order_status, total_amount, order_date) VALUES (367, 2, 3, 4, 'pickup', 'Completed', 49500, '2026-06-04 13:01:49');
INSERT INTO order_item (order_item_id, order_id, item_id, quantity, unit_price, subtotal) VALUES (544, 367, 3, 1, 55000, 55000);
INSERT INTO payment (payment_id, order_id, payment_method, amount_paid) VALUES (363, 367, 'Cash', 49500);
INSERT INTO order_promotion (order_id, promotion_id, amount_discounted) VALUES (367, 1, 5500);
INSERT INTO loyalty_transaction (loyalty_txn_id, customer_id, order_id, points_change, txn_type) VALUES (365, 4, 367, 49, 'earn');
UPDATE customer SET loyalty_points = loyalty_points + 49 WHERE customer_id = 4;
INSERT INTO orders (order_id, location_id, staff_id, customer_id, order_type, order_status, total_amount, order_date) VALUES (368, 2, 7, 5, 'pickup', 'Cancelled', 175500, '2026-06-04 17:54:05');
INSERT INTO order_item (order_item_id, order_id, item_id, quantity, unit_price, subtotal) VALUES (545, 368, 3, 1, 65000, 65000);
INSERT INTO order_item_modifier (order_item_id, option_id, price_delta_at_sale) VALUES (545, 14, 10000);
INSERT INTO order_item (order_item_id, order_id, item_id, quantity, unit_price, subtotal) VALUES (546, 368, 4, 2, 65000, 130000);
INSERT INTO payment (payment_id, order_id, payment_method, amount_paid) VALUES (364, 368, 'Cash', 175500);
INSERT INTO order_promotion (order_id, promotion_id, amount_discounted) VALUES (368, 1, 19500);
INSERT INTO orders (order_id, location_id, staff_id, customer_id, order_type, order_status, total_amount, order_date) VALUES (369, 2, 3, 10, 'pickup', 'Completed', 54000, '2026-06-04 09:34:33');
INSERT INTO order_item (order_item_id, order_id, item_id, quantity, unit_price, subtotal) VALUES (547, 369, 8, 1, 60000, 60000);
INSERT INTO payment (payment_id, order_id, payment_method, amount_paid) VALUES (365, 369, 'Cash', 54000);
INSERT INTO order_promotion (order_id, promotion_id, amount_discounted) VALUES (369, 1, 6000);
INSERT INTO loyalty_transaction (loyalty_txn_id, customer_id, order_id, points_change, txn_type) VALUES (366, 10, 369, 54, 'earn');
UPDATE customer SET loyalty_points = loyalty_points + 54 WHERE customer_id = 10;
INSERT INTO orders (order_id, location_id, staff_id, customer_id, order_type, order_status, total_amount, order_date) VALUES (370, 2, 3, 13, 'takeaway', 'Completed', 6500, '2026-06-04 15:17:03');
INSERT INTO order_item (order_item_id, order_id, item_id, quantity, unit_price, subtotal) VALUES (548, 370, 3, 1, 55000, 55000);
INSERT INTO payment (payment_id, order_id, payment_method, amount_paid) VALUES (366, 370, 'Cash', 6500);
INSERT INTO order_promotion (order_id, promotion_id, amount_discounted) VALUES (370, 1, 5500);
INSERT INTO loyalty_transaction (loyalty_txn_id, customer_id, order_id, points_change, txn_type) VALUES (367, 13, 370, 43, 'redeem');
INSERT INTO loyalty_transaction (loyalty_txn_id, customer_id, order_id, points_change, txn_type) VALUES (368, 13, 370, 6, 'earn');
UPDATE customer SET loyalty_points = loyalty_points + -37 WHERE customer_id = 13;
INSERT INTO audit_log (log_id, staff_id, action_type, table_affected, record_id, details) VALUES (75, 3, 'CREATE_ORDER', 'orders', 370, 'Order #370 | Total: 6500đ | Cash');
INSERT INTO orders (order_id, location_id, staff_id, customer_id, order_type, order_status, total_amount, order_date) VALUES (371, 1, 1, 10, 'pickup', 'Completed', 39000, '2026-06-05 08:20:31');
INSERT INTO order_item (order_item_id, order_id, item_id, quantity, unit_price, subtotal) VALUES (549, 371, 13, 2, 40000, 80000);
INSERT INTO payment (payment_id, order_id, payment_method, amount_paid) VALUES (367, 371, 'Cash', 39000);
INSERT INTO order_promotion (order_id, promotion_id, amount_discounted) VALUES (371, 1, 8000);
INSERT INTO loyalty_transaction (loyalty_txn_id, customer_id, order_id, points_change, txn_type) VALUES (369, 10, 371, 33, 'redeem');
INSERT INTO loyalty_transaction (loyalty_txn_id, customer_id, order_id, points_change, txn_type) VALUES (370, 10, 371, 39, 'earn');
UPDATE customer SET loyalty_points = loyalty_points + 6 WHERE customer_id = 10;
INSERT INTO orders (order_id, location_id, staff_id, customer_id, order_type, order_status, total_amount, order_date) VALUES (372, 1, 1, 2, 'takeaway', 'Completed', 23700, '2026-06-05 17:01:22');
INSERT INTO order_item (order_item_id, order_id, item_id, quantity, unit_price, subtotal) VALUES (550, 372, 6, 1, 63000, 63000);
INSERT INTO order_item_modifier (order_item_id, option_id, price_delta_at_sale) VALUES (550, 7, 8000);
INSERT INTO payment (payment_id, order_id, payment_method, amount_paid) VALUES (368, 372, 'Mobile', 23700);
INSERT INTO order_promotion (order_id, promotion_id, amount_discounted) VALUES (372, 1, 6300);
INSERT INTO loyalty_transaction (loyalty_txn_id, customer_id, order_id, points_change, txn_type) VALUES (371, 2, 372, 33, 'redeem');
INSERT INTO loyalty_transaction (loyalty_txn_id, customer_id, order_id, points_change, txn_type) VALUES (372, 2, 372, 23, 'earn');
UPDATE customer SET loyalty_points = loyalty_points + -10 WHERE customer_id = 2;
INSERT INTO orders (order_id, location_id, staff_id, customer_id, order_type, order_status, total_amount, order_date) VALUES (373, 1, 1, 9, 'pickup', 'Completed', 139500, '2026-06-05 10:09:21');
INSERT INTO order_item (order_item_id, order_id, item_id, quantity, unit_price, subtotal) VALUES (551, 373, 1, 2, 45000, 90000);
INSERT INTO order_item (order_item_id, order_id, item_id, quantity, unit_price, subtotal) VALUES (552, 373, 6, 1, 65000, 65000);
INSERT INTO order_item_modifier (order_item_id, option_id, price_delta_at_sale) VALUES (552, 14, 10000);
INSERT INTO payment (payment_id, order_id, payment_method, amount_paid) VALUES (369, 373, 'Mobile', 139500);
INSERT INTO order_promotion (order_id, promotion_id, amount_discounted) VALUES (373, 1, 15500);
INSERT INTO loyalty_transaction (loyalty_txn_id, customer_id, order_id, points_change, txn_type) VALUES (373, 9, 373, 139, 'earn');
UPDATE customer SET loyalty_points = loyalty_points + 139 WHERE customer_id = 9;
INSERT INTO orders (order_id, location_id, staff_id, customer_id, order_type, order_status, total_amount, order_date) VALUES (374, 1, 6, 8, 'takeaway', 'Completed', 58500, '2026-06-05 12:08:13');
INSERT INTO order_item (order_item_id, order_id, item_id, quantity, unit_price, subtotal) VALUES (553, 374, 7, 1, 65000, 65000);
INSERT INTO payment (payment_id, order_id, payment_method, amount_paid) VALUES (370, 374, 'Cash', 58500);
INSERT INTO order_promotion (order_id, promotion_id, amount_discounted) VALUES (374, 1, 6500);
INSERT INTO loyalty_transaction (loyalty_txn_id, customer_id, order_id, points_change, txn_type) VALUES (374, 8, 374, 58, 'earn');
UPDATE customer SET loyalty_points = loyalty_points + 58 WHERE customer_id = 8;
INSERT INTO orders (order_id, location_id, staff_id, customer_id, order_type, order_status, total_amount, order_date) VALUES (375, 1, 2, 10, 'takeaway', 'Completed', 164700, '2026-06-05 09:04:35');
INSERT INTO order_item (order_item_id, order_id, item_id, quantity, unit_price, subtotal) VALUES (554, 375, 9, 1, 55000, 55000);
INSERT INTO order_item (order_item_id, order_id, item_id, quantity, unit_price, subtotal) VALUES (555, 375, 7, 1, 65000, 65000);
INSERT INTO order_item (order_item_id, order_id, item_id, quantity, unit_price, subtotal) VALUES (556, 375, 6, 1, 63000, 63000);
INSERT INTO order_item_modifier (order_item_id, option_id, price_delta_at_sale) VALUES (556, 7, 8000);
INSERT INTO payment (payment_id, order_id, payment_method, amount_paid) VALUES (371, 375, 'Cash', 164700);
INSERT INTO order_promotion (order_id, promotion_id, amount_discounted) VALUES (375, 1, 18300);
INSERT INTO loyalty_transaction (loyalty_txn_id, customer_id, order_id, points_change, txn_type) VALUES (375, 10, 375, 164, 'earn');
UPDATE customer SET loyalty_points = loyalty_points + 164 WHERE customer_id = 10;
INSERT INTO audit_log (log_id, staff_id, action_type, table_affected, record_id, details) VALUES (76, 2, 'CREATE_ORDER', 'orders', 375, 'Order #375 | Total: 164700đ | Cash');
INSERT INTO orders (order_id, location_id, staff_id, customer_id, order_type, order_status, total_amount, order_date) VALUES (376, 1, 6, 10, 'pickup', 'Completed', 121500, '2026-06-05 09:12:06');
INSERT INTO order_item (order_item_id, order_id, item_id, quantity, unit_price, subtotal) VALUES (557, 376, 7, 1, 75000, 75000);
INSERT INTO order_item_modifier (order_item_id, option_id, price_delta_at_sale) VALUES (557, 14, 10000);
INSERT INTO order_item (order_item_id, order_id, item_id, quantity, unit_price, subtotal) VALUES (558, 376, 8, 1, 60000, 60000);
INSERT INTO payment (payment_id, order_id, payment_method, amount_paid) VALUES (372, 376, 'Card', 121500);
INSERT INTO order_promotion (order_id, promotion_id, amount_discounted) VALUES (376, 1, 13500);
INSERT INTO loyalty_transaction (loyalty_txn_id, customer_id, order_id, points_change, txn_type) VALUES (376, 10, 376, 121, 'earn');
UPDATE customer SET loyalty_points = loyalty_points + 121 WHERE customer_id = 10;
INSERT INTO orders (order_id, location_id, staff_id, customer_id, order_type, order_status, total_amount, order_date) VALUES (377, 1, 2, 1, 'pickup', 'Completed', 100800, '2026-06-05 12:41:23');
INSERT INTO order_item (order_item_id, order_id, item_id, quantity, unit_price, subtotal) VALUES (559, 377, 2, 1, 67000, 67000);
INSERT INTO order_item_modifier (order_item_id, option_id, price_delta_at_sale) VALUES (559, 12, 12000);
INSERT INTO order_item (order_item_id, order_id, item_id, quantity, unit_price, subtotal) VALUES (560, 377, 10, 1, 45000, 45000);
INSERT INTO order_item_modifier (order_item_id, option_id, price_delta_at_sale) VALUES (560, 2, 10000);
INSERT INTO payment (payment_id, order_id, payment_method, amount_paid) VALUES (373, 377, 'Cash', 100800);
INSERT INTO order_promotion (order_id, promotion_id, amount_discounted) VALUES (377, 1, 11200);
INSERT INTO loyalty_transaction (loyalty_txn_id, customer_id, order_id, points_change, txn_type) VALUES (377, 1, 377, 100, 'earn');
UPDATE customer SET loyalty_points = loyalty_points + 100 WHERE customer_id = 1;
INSERT INTO orders (order_id, location_id, staff_id, customer_id, order_type, order_status, total_amount, order_date) VALUES (378, 2, 7, 14, 'takeaway', 'Completed', 199800, '2026-06-05 22:55:39');
INSERT INTO order_item (order_item_id, order_id, item_id, quantity, unit_price, subtotal) VALUES (561, 378, 8, 1, 72000, 72000);
INSERT INTO order_item_modifier (order_item_id, option_id, price_delta_at_sale) VALUES (561, 12, 12000);
INSERT INTO order_item (order_item_id, order_id, item_id, quantity, unit_price, subtotal) VALUES (562, 378, 2, 2, 55000, 110000);
INSERT INTO order_item (order_item_id, order_id, item_id, quantity, unit_price, subtotal) VALUES (563, 378, 11, 1, 40000, 40000);
INSERT INTO payment (payment_id, order_id, payment_method, amount_paid) VALUES (374, 378, 'Card', 199800);
INSERT INTO order_promotion (order_id, promotion_id, amount_discounted) VALUES (378, 1, 22200);
INSERT INTO loyalty_transaction (loyalty_txn_id, customer_id, order_id, points_change, txn_type) VALUES (378, 14, 378, 199, 'earn');
UPDATE customer SET loyalty_points = loyalty_points + 199 WHERE customer_id = 14;
INSERT INTO orders (order_id, location_id, staff_id, customer_id, order_type, order_status, total_amount, order_date) VALUES (379, 2, 7, NULL, 'takeaway', 'Cancelled', 49500, '2026-06-05 07:15:33');
INSERT INTO order_item (order_item_id, order_id, item_id, quantity, unit_price, subtotal) VALUES (564, 379, 9, 1, 55000, 55000);
INSERT INTO payment (payment_id, order_id, payment_method, amount_paid) VALUES (375, 379, 'Card', 49500);
INSERT INTO order_promotion (order_id, promotion_id, amount_discounted) VALUES (379, 1, 5500);

SET FOREIGN_KEY_CHECKS = 1;
-- Done.
